{
"name":"trip2","trip_cost":19646283.970536,"trip_weight":1009.980232,"trip_length":39998.987205,"trip_size":59
}
