{
"name":"trip512","trip_cost":9560247.634117,"trip_weight":1008.899604,"trip_length":23987.564652,"trip_size":77
}
