{
"name":"trip1123","trip_cost":5273256.842710,"trip_weight":1008.141744,"trip_length":14202.400832,"trip_size":65
}
