{
"name":"trip1081","trip_cost":5459957.346854,"trip_weight":1007.205572,"trip_length":13960.782378,"trip_size":70
}
