{
"name":"trip277","trip_cost":12149039.436786,"trip_weight":1009.879281,"trip_length":37750.248636,"trip_size":74
}
