{
"name":"trip1422","trip_cost":1867957.341750,"trip_weight":534.994189,"trip_length":9605.643484,"trip_size":41
}
