{
"name":"trip671","trip_cost":7913025.671290,"trip_weight":999.910036,"trip_length":20047.721478,"trip_size":78
}
