{
"name":"trip46","trip_cost":17741909.351909,"trip_weight":1009.895257,"trip_length":39883.453675,"trip_size":79
}
