{
"name":"trip616","trip_cost":8385827.992160,"trip_weight":1008.931123,"trip_length":23249.864744,"trip_size":77
}
