{
"name":"trip860","trip_cost":6620587.012396,"trip_weight":1007.646917,"trip_length":17712.466800,"trip_size":70
}
