{
"name":"trip470","trip_cost":10074001.067517,"trip_weight":1005.902863,"trip_length":24995.252753,"trip_size":84
}
