{
"name":"trip180","trip_cost":14044450.299714,"trip_weight":1009.556017,"trip_length":36540.782582,"trip_size":72
}
