{
"name":"trip89","trip_cost":16271649.992843,"trip_weight":1009.959870,"trip_length":40075.562088,"trip_size":74
}
