{
"name":"trip772","trip_cost":7277353.929612,"trip_weight":1000.595634,"trip_length":21889.967126,"trip_size":61
}
