{
"name":"trip828","trip_cost":6842429.480026,"trip_weight":1006.026111,"trip_length":16236.008171,"trip_size":58
}
