{
"name":"trip1292","trip_cost":4271301.794204,"trip_weight":967.363937,"trip_length":12126.504360,"trip_size":59
}
