{
"name":"trip550","trip_cost":9100385.808755,"trip_weight":1007.333597,"trip_length":23605.716504,"trip_size":64
}
