{
"name":"trip1485","trip_cost":765374.950345,"trip_weight":439.974805,"trip_length":4096.795981,"trip_size":38
}
