{
"name":"trip1233","trip_cost":4654312.972554,"trip_weight":895.994902,"trip_length":14401.477442,"trip_size":50
}
