{
"name":"trip17","trip_cost":18882866.294733,"trip_weight":1009.413404,"trip_length":39709.420945,"trip_size":82
}
