{
"name":"trip95","trip_cost":16209528.602507,"trip_weight":1006.637522,"trip_length":39830.703328,"trip_size":83
}
