{
"name":"trip498","trip_cost":9809594.098695,"trip_weight":1007.723386,"trip_length":23493.649506,"trip_size":76
}
