{
"name":"trip1251","trip_cost":4535076.599301,"trip_weight":1005.511129,"trip_length":13520.731260,"trip_size":65
}
