{
"name":"trip1073","trip_cost":5516517.797373,"trip_weight":995.530582,"trip_length":14701.744908,"trip_size":72
}
