{
"name":"trip932","trip_cost":6192841.031558,"trip_weight":1003.557382,"trip_length":19372.021415,"trip_size":60
}
