{
"name":"trip317","trip_cost":11683546.432968,"trip_weight":1003.148611,"trip_length":26816.298232,"trip_size":74
}
