{
"name":"trip545","trip_cost":9232409.778297,"trip_weight":1006.632803,"trip_length":23015.946579,"trip_size":77
}
