{
"name":"trip1451","trip_cost":1299644.458897,"trip_weight":438.768086,"trip_length":6680.443203,"trip_size":35
}
