{
"name":"trip1318","trip_cost":3897451.567101,"trip_weight":974.717809,"trip_length":14142.993054,"trip_size":73
}
