{
"name":"trip458","trip_cost":10193219.970266,"trip_weight":1005.524255,"trip_length":23495.142527,"trip_size":73
}
