{
"name":"trip783","trip_cost":7207649.688171,"trip_weight":1008.913215,"trip_length":18003.574361,"trip_size":56
}
