{
"name":"trip381","trip_cost":10999401.928123,"trip_weight":1003.227981,"trip_length":27349.714758,"trip_size":74
}
