{
"name":"trip250","trip_cost":12701154.416204,"trip_weight":1009.660701,"trip_length":29208.838131,"trip_size":76
}
