{
"name":"trip1184","trip_cost":4972769.032625,"trip_weight":1006.696054,"trip_length":15760.994668,"trip_size":73
}
