{
"name":"trip377","trip_cost":11048087.815808,"trip_weight":1009.517988,"trip_length":25872.185695,"trip_size":84
}
