{
"name":"trip16","trip_cost":18899470.120058,"trip_weight":1007.965978,"trip_length":39688.312048,"trip_size":67
}
