{
"name":"trip859","trip_cost":6623964.957962,"trip_weight":1006.740120,"trip_length":16975.784724,"trip_size":71
}
