{
"name":"trip722","trip_cost":7591801.255815,"trip_weight":1009.104133,"trip_length":17572.210856,"trip_size":68
}
