{
"name":"trip684","trip_cost":7824487.485179,"trip_weight":1008.739581,"trip_length":20067.928880,"trip_size":67
}
