{
"name":"trip487","trip_cost":9927823.993499,"trip_weight":1009.122843,"trip_length":37848.607424,"trip_size":91
}
