{
"name":"trip1141","trip_cost":5211679.080624,"trip_weight":989.332122,"trip_length":15358.187640,"trip_size":68
}
