{
"name":"trip323","trip_cost":11635904.551108,"trip_weight":1009.430431,"trip_length":26759.880528,"trip_size":72
}
