{
"name":"trip585","trip_cost":8725652.652976,"trip_weight":1007.278069,"trip_length":27010.158145,"trip_size":81
}
