{
"name":"trip155","trip_cost":14561475.610334,"trip_weight":1009.133238,"trip_length":37292.814250,"trip_size":92
}
