{
"name":"trip1428","trip_cost":1715948.031574,"trip_weight":582.746725,"trip_length":6904.743976,"trip_size":40
}
