{
"name":"trip1162","trip_cost":5140728.221719,"trip_weight":1007.931446,"trip_length":15012.376671,"trip_size":64
}
