{
"name":"trip403","trip_cost":10786087.644472,"trip_weight":1006.906284,"trip_length":27829.326772,"trip_size":85
}
