{
"name":"trip1287","trip_cost":4313195.962008,"trip_weight":990.173800,"trip_length":11326.910936,"trip_size":55
}
