{
"name":"trip9","trip_cost":19355985.383890,"trip_weight":1009.774057,"trip_length":40080.895170,"trip_size":72
}
