{
"name":"trip532","trip_cost":9384377.049877,"trip_weight":1009.718584,"trip_length":23883.874525,"trip_size":82
}
