{
"name":"trip1167","trip_cost":5120278.512330,"trip_weight":963.833839,"trip_length":15145.561009,"trip_size":70
}
