{
"name":"trip930","trip_cost":6207699.031362,"trip_weight":1005.271708,"trip_length":17170.236798,"trip_size":68
}
