{
"name":"trip986","trip_cost":5902337.736862,"trip_weight":1009.299399,"trip_length":15426.425560,"trip_size":66
}
