{
"name":"trip948","trip_cost":6097614.102595,"trip_weight":999.934934,"trip_length":16148.099186,"trip_size":59
}
