{
"name":"trip145","trip_cost":14692488.011526,"trip_weight":1006.182411,"trip_length":37788.420909,"trip_size":71
}
