{
"name":"trip289","trip_cost":12002007.372908,"trip_weight":1007.951743,"trip_length":27694.563618,"trip_size":70
}
