{
"name":"trip1244","trip_cost":4581926.781061,"trip_weight":1006.981919,"trip_length":14040.554814,"trip_size":69
}
