{
"name":"trip882","trip_cost":6512447.595645,"trip_weight":980.157145,"trip_length":21811.871085,"trip_size":71
}
