{
"name":"trip219","trip_cost":13474871.943200,"trip_weight":1009.307535,"trip_length":37247.068649,"trip_size":71
}
