{
"name":"trip1390","trip_cost":2564331.015391,"trip_weight":789.496012,"trip_length":8206.243517,"trip_size":47
}
