{
"name":"trip865","trip_cost":6571505.226042,"trip_weight":1006.776589,"trip_length":20946.163660,"trip_size":76
}
