{
"name":"trip566","trip_cost":8983734.066054,"trip_weight":1009.863421,"trip_length":22795.549982,"trip_size":71
}
