{
"name":"trip348","trip_cost":11304326.711369,"trip_weight":1009.911680,"trip_length":26494.369131,"trip_size":86
}
