{
"name":"trip699","trip_cost":7733061.813678,"trip_weight":891.407846,"trip_length":23621.396092,"trip_size":73
}
