{
"name":"trip402","trip_cost":10788211.718340,"trip_weight":1009.555905,"trip_length":27246.513185,"trip_size":63
}
