{
"name":"trip273","trip_cost":12225244.934101,"trip_weight":1008.812580,"trip_length":28125.123900,"trip_size":74
}
