{
"name":"trip163","trip_cost":14370800.703328,"trip_weight":1007.234125,"trip_length":37708.210552,"trip_size":83
}
