{
"name":"trip1050","trip_cost":5650870.642305,"trip_weight":1005.795952,"trip_length":14533.819192,"trip_size":67
}
