{
"name":"trip202","trip_cost":13797533.427546,"trip_weight":995.069466,"trip_length":37337.445427,"trip_size":82
}
