{
"name":"trip1194","trip_cost":4929359.028460,"trip_weight":987.361090,"trip_length":15017.747775,"trip_size":65
}
