{
"name":"trip372","trip_cost":11071136.213581,"trip_weight":1009.835229,"trip_length":25943.488946,"trip_size":70
}
