{
"name":"trip1144","trip_cost":5197835.834089,"trip_weight":937.756192,"trip_length":15205.775947,"trip_size":50
}
