{
"name":"trip1104","trip_cost":5348487.540178,"trip_weight":1007.821684,"trip_length":14468.293097,"trip_size":66
}
