{
"name":"trip657","trip_cost":7968527.472557,"trip_weight":1009.216529,"trip_length":18925.780254,"trip_size":67
}
