{
"name":"trip1490","trip_cost":219952.644971,"trip_weight":195.279505,"trip_length":2781.983815,"trip_size":14
}
