{
"name":"trip1377","trip_cost":2833839.167393,"trip_weight":825.190407,"trip_length":9273.530752,"trip_size":31
}
