{
"name":"trip462","trip_cost":10142068.325217,"trip_weight":999.620562,"trip_length":27349.699808,"trip_size":66
}
