{
"name":"trip1475","trip_cost":996907.907163,"trip_weight":369.238410,"trip_length":6060.275637,"trip_size":35
}
