{
"name":"trip761","trip_cost":7323611.958505,"trip_weight":1008.751109,"trip_length":18928.625527,"trip_size":82
}
