{
"name":"trip189","trip_cost":13995428.040111,"trip_weight":998.713095,"trip_length":38942.700831,"trip_size":82
}
