{
"name":"trip869","trip_cost":6561945.213226,"trip_weight":1008.336343,"trip_length":17980.505686,"trip_size":71
}
