{
"name":"trip1174","trip_cost":5037069.524023,"trip_weight":1003.672176,"trip_length":14487.229890,"trip_size":65
}
