{
"name":"trip1003","trip_cost":5849675.961459,"trip_weight":1002.242427,"trip_length":15125.623088,"trip_size":49
}
