{
"name":"trip1445","trip_cost":1430579.369478,"trip_weight":475.980926,"trip_length":6812.464205,"trip_size":30
}
