{
"name":"trip840","trip_cost":6758693.745517,"trip_weight":986.916491,"trip_length":17220.566713,"trip_size":62
}
