{
"name":"trip435","trip_cost":10371974.745170,"trip_weight":1006.031021,"trip_length":27108.450038,"trip_size":69
}
