{
"name":"trip382","trip_cost":10974600.611052,"trip_weight":1003.549410,"trip_length":28207.730067,"trip_size":79
}
