{
"name":"trip940","trip_cost":6152451.168524,"trip_weight":1008.122193,"trip_length":16163.969361,"trip_size":69
}
