{
"name":"trip528","trip_cost":9439006.159750,"trip_weight":999.787787,"trip_length":26552.040258,"trip_size":75
}
