{
"name":"trip1331","trip_cost":3704161.018427,"trip_weight":853.001419,"trip_length":14364.211681,"trip_size":49
}
