{
"name":"trip128","trip_cost":15110624.718992,"trip_weight":1006.979031,"trip_length":39791.271570,"trip_size":83
}
