{
"name":"trip537","trip_cost":9349445.899293,"trip_weight":890.773191,"trip_length":31584.538427,"trip_size":65
}
