{
"name":"trip804","trip_cost":7060609.363370,"trip_weight":1002.548383,"trip_length":23123.349621,"trip_size":74
}
