{
"name":"trip969","trip_cost":5989341.351763,"trip_weight":1009.529169,"trip_length":16561.897318,"trip_size":64
}
