{
"name":"trip313","trip_cost":11718735.040131,"trip_weight":1009.997445,"trip_length":38336.075879,"trip_size":66
}
