{
"name":"trip223","trip_cost":13357899.594314,"trip_weight":1004.123235,"trip_length":38977.119902,"trip_size":70
}
