{
"name":"trip1393","trip_cost":2517088.570055,"trip_weight":688.287834,"trip_length":8999.676525,"trip_size":41
}
