{
"name":"trip150","trip_cost":14616012.785641,"trip_weight":1009.882637,"trip_length":38109.042961,"trip_size":92
}
