{
"name":"trip254","trip_cost":12609837.029647,"trip_weight":1009.600085,"trip_length":36962.551075,"trip_size":72
}
