{
"name":"trip362","trip_cost":11181077.507969,"trip_weight":1009.494510,"trip_length":37105.932531,"trip_size":99
}
