{
"name":"trip861","trip_cost":6599492.008604,"trip_weight":1008.256196,"trip_length":18676.004415,"trip_size":76
}
