{
"name":"trip478","trip_cost":10015585.069611,"trip_weight":1008.220789,"trip_length":23871.397457,"trip_size":76
}
