{
"name":"trip752","trip_cost":7391774.409213,"trip_weight":1008.969972,"trip_length":22011.348527,"trip_size":74
}
