{
"name":"trip1383","trip_cost":2756008.575672,"trip_weight":755.406717,"trip_length":9053.261637,"trip_size":30
}
