{
"name":"trip919","trip_cost":6247999.974284,"trip_weight":999.894954,"trip_length":16717.322424,"trip_size":71
}
