{
"name":"trip587","trip_cost":8709000.646349,"trip_weight":996.568644,"trip_length":24325.239382,"trip_size":70
}
