{
"name":"trip351","trip_cost":11285258.756753,"trip_weight":1009.869718,"trip_length":26812.917813,"trip_size":83
}
