{
"name":"trip1352","trip_cost":3399468.477647,"trip_weight":921.032856,"trip_length":11977.739436,"trip_size":63
}
