{
"name":"trip1187","trip_cost":4951995.128722,"trip_weight":939.561811,"trip_length":14430.868863,"trip_size":64
}
