{
"name":"trip556","trip_cost":9064529.366094,"trip_weight":1009.362393,"trip_length":27164.075567,"trip_size":83
}
