{
"name":"trip866","trip_cost":6568391.620281,"trip_weight":1000.840041,"trip_length":17405.229497,"trip_size":72
}
