{
"name":"trip517","trip_cost":9518710.144115,"trip_weight":1009.533375,"trip_length":23502.906739,"trip_size":72
}
