{
"name":"trip717","trip_cost":7611635.308682,"trip_weight":1002.608399,"trip_length":19719.512473,"trip_size":60
}
