{
"name":"trip740","trip_cost":7458981.342189,"trip_weight":1009.237761,"trip_length":19304.066978,"trip_size":66
}
