{
"name":"trip1211","trip_cost":4789640.333418,"trip_weight":905.101279,"trip_length":14159.122910,"trip_size":57
}
