{
"name":"trip98","trip_cost":15982112.427278,"trip_weight":1009.711854,"trip_length":38297.176526,"trip_size":82
}
