{
"name":"trip139","trip_cost":14821289.037552,"trip_weight":1009.253835,"trip_length":38706.071309,"trip_size":85
}
