{
"name":"trip1273","trip_cost":4402097.040136,"trip_weight":928.030107,"trip_length":12320.110482,"trip_size":46
}
