{
"name":"trip815","trip_cost":6947912.372641,"trip_weight":1007.825358,"trip_length":21810.192228,"trip_size":77
}
