{
"name":"trip176","trip_cost":14122060.581442,"trip_weight":1008.156749,"trip_length":38851.564578,"trip_size":87
}
