{
"name":"trip729","trip_cost":7506398.993253,"trip_weight":1009.484192,"trip_length":19806.036001,"trip_size":72
}
