{
"name":"trip439","trip_cost":10352325.719576,"trip_weight":1009.594236,"trip_length":26486.305092,"trip_size":85
}
