{
"name":"trip780","trip_cost":7232255.991739,"trip_weight":984.081368,"trip_length":24475.572223,"trip_size":73
}
