{
"name":"trip611","trip_cost":8483410.664755,"trip_weight":1006.290459,"trip_length":26894.968704,"trip_size":80
}
