{
"name":"trip598","trip_cost":8581349.321154,"trip_weight":999.740807,"trip_length":23351.762554,"trip_size":73
}
