{
"name":"trip11","trip_cost":19179994.369521,"trip_weight":1009.998167,"trip_length":39936.177664,"trip_size":81
}
