{
"name":"trip284","trip_cost":12069766.162963,"trip_weight":1009.823004,"trip_length":38478.056516,"trip_size":72
}
