{
"name":"trip980","trip_cost":5921231.001682,"trip_weight":857.181378,"trip_length":16470.840668,"trip_size":59
}
