{
"name":"trip716","trip_cost":7612869.343024,"trip_weight":999.784366,"trip_length":26340.158053,"trip_size":75
}
