{
"name":"trip911","trip_cost":6317464.066464,"trip_weight":1008.146379,"trip_length":17580.940903,"trip_size":70
}
