{
"name":"trip1358","trip_cost":3296669.506898,"trip_weight":944.014837,"trip_length":10484.596562,"trip_size":37
}
