{
"name":"trip1355","trip_cost":3354646.610436,"trip_weight":977.245002,"trip_length":10440.638844,"trip_size":60
}
