{
"name":"trip67","trip_cost":17095119.123637,"trip_weight":1007.158425,"trip_length":39505.781172,"trip_size":70
}
