{
"name":"trip779","trip_cost":7240036.834630,"trip_weight":1007.568958,"trip_length":19881.145391,"trip_size":79
}
