{
"name":"trip627","trip_cost":8172681.922178,"trip_weight":1008.684110,"trip_length":21524.094056,"trip_size":76
}
