{
"name":"trip1319","trip_cost":3878049.459104,"trip_weight":928.195030,"trip_length":10781.865445,"trip_size":34
}
