{
"name":"trip907","trip_cost":6341502.225418,"trip_weight":985.425353,"trip_length":17912.166362,"trip_size":71
}
