{
"name":"trip38","trip_cost":17986028.553446,"trip_weight":1009.975678,"trip_length":39402.265812,"trip_size":86
}
