{
"name":"trip674","trip_cost":7893749.250591,"trip_weight":1008.621068,"trip_length":19594.928058,"trip_size":77
}
