{
"name":"trip1153","trip_cost":5172877.326389,"trip_weight":1002.687337,"trip_length":15625.857863,"trip_size":80
}
