{
"name":"trip490","trip_cost":9898536.284433,"trip_weight":1008.143116,"trip_length":27230.139480,"trip_size":73
}
