{
"name":"trip1371","trip_cost":3010032.929440,"trip_weight":740.363266,"trip_length":10684.879797,"trip_size":54
}
