{
"name":"trip735","trip_cost":7473513.628543,"trip_weight":979.487118,"trip_length":26121.898663,"trip_size":65
}
