{
"name":"trip1182","trip_cost":5012634.965016,"trip_weight":980.185475,"trip_length":13934.371942,"trip_size":44
}
