{
"name":"trip1151","trip_cost":5184724.973730,"trip_weight":858.159048,"trip_length":17131.958912,"trip_size":58
}
