{
"name":"trip1004","trip_cost":5847928.762944,"trip_weight":1003.340893,"trip_length":15337.095924,"trip_size":63
}
