{
"name":"trip929","trip_cost":6208370.175540,"trip_weight":1007.321371,"trip_length":17024.174668,"trip_size":69
}
