{
"name":"trip1447","trip_cost":1353622.331972,"trip_weight":508.880158,"trip_length":8435.989231,"trip_size":20
}
