{
"name":"trip63","trip_cost":17156416.098538,"trip_weight":1009.960692,"trip_length":40012.310765,"trip_size":67
}
