{
"name":"trip1030","trip_cost":5720461.211829,"trip_weight":1001.448713,"trip_length":15556.814272,"trip_size":77
}
