{
"name":"trip183","trip_cost":14024445.941155,"trip_weight":1007.264870,"trip_length":38840.751664,"trip_size":84
}
