{
"name":"trip1479","trip_cost":837212.798554,"trip_weight":294.303578,"trip_length":7002.122771,"trip_size":45
}
