{
"name":"trip1192","trip_cost":4932490.751804,"trip_weight":886.058289,"trip_length":21968.724701,"trip_size":52
}
