{
"name":"trip577","trip_cost":8797242.951444,"trip_weight":1009.946129,"trip_length":20538.556113,"trip_size":60
}
