{
"name":"trip1465","trip_cost":1107490.843275,"trip_weight":350.699557,"trip_length":6910.771153,"trip_size":26
}
