{
"name":"trip438","trip_cost":10359955.917483,"trip_weight":1002.589843,"trip_length":26764.854605,"trip_size":64
}
