{
"name":"trip920","trip_cost":6246668.760144,"trip_weight":1009.968436,"trip_length":16645.807217,"trip_size":66
}
