{
"name":"trip70","trip_cost":17023366.970057,"trip_weight":1009.177943,"trip_length":39567.938719,"trip_size":59
}
