{
"name":"trip748","trip_cost":7406864.351619,"trip_weight":946.367613,"trip_length":17802.177652,"trip_size":60
}
