{
"name":"trip1344","trip_cost":3492735.746882,"trip_weight":982.598085,"trip_length":9700.233359,"trip_size":37
}
