{
"name":"trip1321","trip_cost":3825213.640715,"trip_weight":801.096022,"trip_length":12439.826975,"trip_size":45
}
