{
"name":"trip450","trip_cost":10262174.760732,"trip_weight":1006.222981,"trip_length":24039.600569,"trip_size":76
}
