{
"name":"trip141","trip_cost":14744931.524012,"trip_weight":1009.444445,"trip_length":39263.342808,"trip_size":76
}
