{
"name":"trip425","trip_cost":10489638.463953,"trip_weight":1005.150620,"trip_length":26292.245579,"trip_size":83
}
