{
"name":"trip113","trip_cost":15564185.217754,"trip_weight":1009.437531,"trip_length":38358.977957,"trip_size":93
}
