{
"name":"trip879","trip_cost":6526946.944910,"trip_weight":995.534842,"trip_length":18336.117535,"trip_size":61
}
