{
"name":"trip80","trip_cost":16643480.128084,"trip_weight":1009.447051,"trip_length":38477.241805,"trip_size":90
}
