{
"name":"trip522","trip_cost":9499948.793028,"trip_weight":1007.679130,"trip_length":23743.330367,"trip_size":81
}
