{
"name":"trip957","trip_cost":6056846.907160,"trip_weight":1009.941662,"trip_length":17176.660076,"trip_size":76
}
