{
"name":"trip1389","trip_cost":2580718.496700,"trip_weight":831.104631,"trip_length":9850.160423,"trip_size":51
}
