{
"name":"trip660","trip_cost":7965699.513212,"trip_weight":1000.311571,"trip_length":18959.399039,"trip_size":65
}
