{
"name":"trip130","trip_cost":15048066.535740,"trip_weight":1009.564707,"trip_length":38013.194677,"trip_size":72
}
