{
"name":"trip524","trip_cost":9497320.534262,"trip_weight":1008.799179,"trip_length":22710.705956,"trip_size":76
}
