{
"name":"trip691","trip_cost":7769786.315332,"trip_weight":1009.066243,"trip_length":20482.646311,"trip_size":51
}
