{
"name":"trip283","trip_cost":12071651.254104,"trip_weight":1008.341069,"trip_length":38071.192623,"trip_size":87
}
