{
"name":"trip937","trip_cost":6176167.139847,"trip_weight":1001.820166,"trip_length":20651.365634,"trip_size":53
}
