{
"name":"trip271","trip_cost":12250258.123974,"trip_weight":1007.191262,"trip_length":37976.251962,"trip_size":81
}
