{
"name":"trip1474","trip_cost":1025483.927389,"trip_weight":556.137630,"trip_length":4815.913343,"trip_size":40
}
