{
"name":"trip311","trip_cost":11731382.997514,"trip_weight":1009.780979,"trip_length":28987.897724,"trip_size":76
}
