{
"name":"trip1236","trip_cost":4625692.409053,"trip_weight":991.501736,"trip_length":13772.718428,"trip_size":75
}
