{
"name":"trip1268","trip_cost":4428904.774065,"trip_weight":998.460550,"trip_length":13137.386997,"trip_size":47
}
