{
"name":"trip753","trip_cost":7385413.230238,"trip_weight":965.007431,"trip_length":26913.228712,"trip_size":74
}
