{
"name":"trip1044","trip_cost":5670967.444212,"trip_weight":1006.897871,"trip_length":15612.414737,"trip_size":70
}
