{
"name":"trip1454","trip_cost":1262618.283620,"trip_weight":431.203364,"trip_length":6582.776859,"trip_size":39
}
