{
"name":"trip1090","trip_cost":5413697.999686,"trip_weight":1006.152629,"trip_length":14442.305821,"trip_size":68
}
