{
"name":"trip873","trip_cost":6549493.965082,"trip_weight":1000.801151,"trip_length":20656.426156,"trip_size":78
}
