{
"name":"trip518","trip_cost":9515178.485552,"trip_weight":1009.555838,"trip_length":25233.032778,"trip_size":74
}
