{
"name":"trip927","trip_cost":6217030.610189,"trip_weight":1007.242673,"trip_length":17064.829116,"trip_size":67
}
