{
"name":"trip649","trip_cost":8012472.959852,"trip_weight":999.034334,"trip_length":19147.820546,"trip_size":73
}
