{
"name":"trip1311","trip_cost":3971512.288657,"trip_weight":905.701757,"trip_length":12224.876921,"trip_size":59
}
