{
"name":"trip1408","trip_cost":2220230.488631,"trip_weight":632.740768,"trip_length":8940.867024,"trip_size":44
}
