{
"name":"trip194","trip_cost":13946966.029822,"trip_weight":1005.997580,"trip_length":38803.158047,"trip_size":83
}
