{
"name":"trip1015","trip_cost":5799822.855696,"trip_weight":998.737846,"trip_length":14667.543303,"trip_size":75
}
