{
"name":"trip216","trip_cost":13575940.044800,"trip_weight":1006.520037,"trip_length":37060.632560,"trip_size":75
}
