{
"name":"trip1164","trip_cost":5126622.019999,"trip_weight":997.868376,"trip_length":14123.368281,"trip_size":69
}
