{
"name":"trip59","trip_cost":17210643.903221,"trip_weight":1009.916925,"trip_length":39528.767519,"trip_size":100
}
