{
"name":"trip1402","trip_cost":2370549.196177,"trip_weight":669.247505,"trip_length":8770.896298,"trip_size":42
}
