{
"name":"trip270","trip_cost":12289444.508896,"trip_weight":1006.438985,"trip_length":36928.873215,"trip_size":85
}
