{
"name":"trip1156","trip_cost":5160731.283394,"trip_weight":999.211892,"trip_length":14074.519592,"trip_size":65
}
