{
"name":"trip569","trip_cost":8943417.383729,"trip_weight":968.482142,"trip_length":25678.019547,"trip_size":79
}
