{
"name":"trip88","trip_cost":16352806.680327,"trip_weight":1007.012743,"trip_length":39336.116693,"trip_size":67
}
