{
"name":"trip134","trip_cost":14947417.853701,"trip_weight":1000.860119,"trip_length":39748.704340,"trip_size":64
}
