{
"name":"trip1280","trip_cost":4351489.062547,"trip_weight":1006.400838,"trip_length":13790.104447,"trip_size":68
}
