{
"name":"trip701","trip_cost":7731007.807500,"trip_weight":998.836257,"trip_length":18515.562956,"trip_size":68
}
