{
"name":"trip803","trip_cost":7081655.048149,"trip_weight":1008.733716,"trip_length":18836.830014,"trip_size":86
}
