{
"name":"trip1148","trip_cost":5187713.782007,"trip_weight":990.372570,"trip_length":14481.309890,"trip_size":55
}
