{
"name":"trip1296","trip_cost":4203184.670926,"trip_weight":977.347170,"trip_length":12520.598668,"trip_size":55
}
