{
"name":"trip1138","trip_cost":5219927.687037,"trip_weight":1005.141679,"trip_length":14924.098411,"trip_size":59
}
