{
"name":"trip547","trip_cost":9164089.549762,"trip_weight":1006.091204,"trip_length":25359.490439,"trip_size":82
}
