{
"name":"trip1456","trip_cost":1244513.711946,"trip_weight":414.220134,"trip_length":6719.636729,"trip_size":38
}
