{
"name":"trip116","trip_cost":15504519.608807,"trip_weight":1007.447609,"trip_length":39070.927547,"trip_size":61
}
