{
"name":"trip169","trip_cost":14244493.987931,"trip_weight":1008.434645,"trip_length":37542.202339,"trip_size":73
}
