{
"name":"trip1348","trip_cost":3462456.352191,"trip_weight":938.130001,"trip_length":12426.886344,"trip_size":72
}
