{
"name":"trip299","trip_cost":11919240.685331,"trip_weight":1009.518912,"trip_length":36595.584573,"trip_size":86
}
