{
"name":"trip214","trip_cost":13608113.870942,"trip_weight":1007.278193,"trip_length":38794.728155,"trip_size":76
}
