{
"name":"trip436","trip_cost":10371022.487091,"trip_weight":1004.346922,"trip_length":27201.554891,"trip_size":71
}
