{
"name":"trip388","trip_cost":10946331.173001,"trip_weight":995.133438,"trip_length":25627.600085,"trip_size":71
}
