{
"name":"trip246","trip_cost":12843776.565426,"trip_weight":1009.465701,"trip_length":28417.084560,"trip_size":61
}
