{
"name":"trip760","trip_cost":7329251.674697,"trip_weight":1007.210436,"trip_length":21093.158204,"trip_size":64
}
