{
"name":"trip1426","trip_cost":1791790.399757,"trip_weight":534.948413,"trip_length":8286.497411,"trip_size":47
}
