{
"name":"trip1024","trip_cost":5747045.028321,"trip_weight":901.537498,"trip_length":16131.187184,"trip_size":68
}
