{
"name":"trip707","trip_cost":7695271.499150,"trip_weight":1004.939829,"trip_length":21941.193703,"trip_size":69
}
