{
"name":"trip408","trip_cost":10747099.384581,"trip_weight":1009.319957,"trip_length":24650.031182,"trip_size":71
}
