{
"name":"trip119","trip_cost":15368408.414468,"trip_weight":1009.732482,"trip_length":38804.466329,"trip_size":87
}
