{
"name":"trip1246","trip_cost":4569081.682431,"trip_weight":1009.167195,"trip_length":12109.353725,"trip_size":60
}
