{
"name":"trip1241","trip_cost":4585048.597962,"trip_weight":928.630253,"trip_length":14080.446206,"trip_size":44
}
