{
"name":"trip334","trip_cost":11478152.113323,"trip_weight":1009.349574,"trip_length":27027.284351,"trip_size":84
}
