{
"name":"trip1091","trip_cost":5407474.314087,"trip_weight":998.120798,"trip_length":13715.685228,"trip_size":64
}
