{
"name":"trip485","trip_cost":9960266.220496,"trip_weight":1008.362606,"trip_length":24804.016804,"trip_size":85
}
