{
"name":"trip397","trip_cost":10836183.664263,"trip_weight":1006.989290,"trip_length":26614.008492,"trip_size":61
}
