{
"name":"trip967","trip_cost":6001282.702366,"trip_weight":997.405765,"trip_length":16176.010347,"trip_size":72
}
