{
"name":"trip302","trip_cost":11894095.096926,"trip_weight":1009.648657,"trip_length":38004.458907,"trip_size":73
}
