{
"name":"trip160","trip_cost":14446231.780931,"trip_weight":1009.587684,"trip_length":38514.555538,"trip_size":85
}
