{
"name":"trip1271","trip_cost":4408252.692382,"trip_weight":941.285043,"trip_length":12452.085625,"trip_size":56
}
