{
"name":"trip103","trip_cost":15881913.928300,"trip_weight":1009.170558,"trip_length":39582.254250,"trip_size":77
}
