{
"name":"trip383","trip_cost":10974536.702751,"trip_weight":1009.453698,"trip_length":27065.588187,"trip_size":83
}
