{
"name":"trip365","trip_cost":11152911.748315,"trip_weight":1007.684102,"trip_length":26141.619377,"trip_size":73
}
