{
"name":"trip64","trip_cost":17155412.440330,"trip_weight":1009.490330,"trip_length":40102.423728,"trip_size":79
}
