{
"name":"trip795","trip_cost":7157927.918600,"trip_weight":993.311085,"trip_length":18279.722907,"trip_size":65
}
