{
"name":"trip836","trip_cost":6774041.786180,"trip_weight":1009.235297,"trip_length":18847.623130,"trip_size":73
}
