{
"name":"trip101","trip_cost":15923501.484351,"trip_weight":1006.421224,"trip_length":39297.989310,"trip_size":77
}
