{
"name":"trip203","trip_cost":13770030.277081,"trip_weight":1005.965982,"trip_length":34904.407858,"trip_size":85
}
