{
"name":"trip363","trip_cost":11178638.665191,"trip_weight":1006.483225,"trip_length":25911.872033,"trip_size":68
}
