{
"name":"trip426","trip_cost":10441567.832562,"trip_weight":1006.011626,"trip_length":26217.167470,"trip_size":80
}
