{
"name":"trip1165","trip_cost":5125921.240432,"trip_weight":1009.817412,"trip_length":12945.047028,"trip_size":60
}
