{
"name":"trip1398","trip_cost":2405432.269667,"trip_weight":706.288316,"trip_length":9878.972970,"trip_size":59
}
