{
"name":"trip688","trip_cost":7784111.472497,"trip_weight":1004.991893,"trip_length":25083.136131,"trip_size":94
}
