{
"name":"trip579","trip_cost":8775294.111634,"trip_weight":1008.313801,"trip_length":27016.930283,"trip_size":70
}
