{
"name":"trip195","trip_cost":13901240.818779,"trip_weight":1006.771051,"trip_length":39116.339848,"trip_size":92
}
