{
"name":"trip670","trip_cost":7915956.802188,"trip_weight":988.478954,"trip_length":27393.740683,"trip_size":68
}
