{
"name":"trip497","trip_cost":9821250.444276,"trip_weight":1008.994996,"trip_length":24753.426951,"trip_size":81
}
