{
"name":"trip694","trip_cost":7751489.703241,"trip_weight":1009.801885,"trip_length":20744.471611,"trip_size":73
}
