{
"name":"trip1179","trip_cost":5018858.220073,"trip_weight":1004.937784,"trip_length":16163.379230,"trip_size":68
}
