{
"name":"trip437","trip_cost":10365919.477318,"trip_weight":1006.952619,"trip_length":27099.635243,"trip_size":75
}
