{
"name":"trip963","trip_cost":6011995.380583,"trip_weight":1008.950319,"trip_length":15739.929790,"trip_size":55
}
