{
"name":"trip257","trip_cost":12555007.886262,"trip_weight":1009.501069,"trip_length":38295.141534,"trip_size":75
}
