{
"name":"trip1342","trip_cost":3514258.120400,"trip_weight":911.316921,"trip_length":11517.711103,"trip_size":58
}
