{
"name":"trip548","trip_cost":9155048.889551,"trip_weight":1008.114380,"trip_length":26289.386185,"trip_size":77
}
