{
"name":"trip687","trip_cost":7794235.509471,"trip_weight":1007.320315,"trip_length":18782.069051,"trip_size":66
}
