{
"name":"trip227","trip_cost":13238642.327802,"trip_weight":1009.744439,"trip_length":38341.183444,"trip_size":83
}
