{
"name":"trip1212","trip_cost":4787730.188076,"trip_weight":1007.343895,"trip_length":13254.854077,"trip_size":71
}
