{
"name":"trip1036","trip_cost":5700595.497384,"trip_weight":1007.957747,"trip_length":15247.733680,"trip_size":71
}
