{
"name":"trip973","trip_cost":5959549.309646,"trip_weight":1008.401376,"trip_length":16235.222601,"trip_size":59
}
