{
"name":"trip138","trip_cost":14821546.993916,"trip_weight":1009.928979,"trip_length":38278.017264,"trip_size":95
}
