{
"name":"trip1041","trip_cost":5682065.180602,"trip_weight":1003.451231,"trip_length":15602.593316,"trip_size":72
}
