{
"name":"trip1275","trip_cost":4391417.436192,"trip_weight":1006.704965,"trip_length":11755.746793,"trip_size":61
}
