{
"name":"trip442","trip_cost":10318926.658290,"trip_weight":1007.971798,"trip_length":28619.036412,"trip_size":66
}
