{
"name":"trip41","trip_cost":17879567.534773,"trip_weight":1009.908284,"trip_length":39866.945694,"trip_size":85
}
