{
"name":"trip352","trip_cost":11278653.145653,"trip_weight":992.662371,"trip_length":27219.395335,"trip_size":64
}
