{
"name":"trip1335","trip_cost":3644718.757777,"trip_weight":951.953456,"trip_length":10633.289288,"trip_size":42
}
