{
"name":"trip358","trip_cost":11199577.926581,"trip_weight":1008.233895,"trip_length":26243.012245,"trip_size":95
}
