{
"name":"trip741","trip_cost":7454052.170382,"trip_weight":998.763146,"trip_length":21826.400103,"trip_size":70
}
