{
"name":"trip801","trip_cost":7118369.514476,"trip_weight":1003.308880,"trip_length":20685.946738,"trip_size":71
}
