{
"name":"trip871","trip_cost":6556470.688561,"trip_weight":1005.378002,"trip_length":18690.528385,"trip_size":62
}
