{
"name":"trip747","trip_cost":7411818.840835,"trip_weight":1009.641705,"trip_length":18448.044875,"trip_size":56
}
