{
"name":"trip1332","trip_cost":3701406.125126,"trip_weight":867.553303,"trip_length":11588.445063,"trip_size":49
}
