{
"name":"trip136","trip_cost":14919379.447702,"trip_weight":1009.409583,"trip_length":37614.635738,"trip_size":77
}
