{
"name":"trip428","trip_cost":10423883.832851,"trip_weight":1008.059737,"trip_length":24809.693188,"trip_size":76
}
