{
"name":"trip1243","trip_cost":4582151.555839,"trip_weight":965.084601,"trip_length":14384.301270,"trip_size":47
}
