{
"name":"trip100","trip_cost":15927467.050557,"trip_weight":1007.970306,"trip_length":38457.196162,"trip_size":83
}
