{
"name":"trip1300","trip_cost":4122634.442113,"trip_weight":1003.703979,"trip_length":11762.435941,"trip_size":59
}
