{
"name":"trip493","trip_cost":9881772.650275,"trip_weight":1008.677576,"trip_length":23094.911489,"trip_size":74
}
