{
"name":"trip1254","trip_cost":4517519.961087,"trip_weight":952.239869,"trip_length":14523.991388,"trip_size":79
}
