{
"name":"trip982","trip_cost":5914360.388684,"trip_weight":1002.055174,"trip_length":16846.127143,"trip_size":68
}
