{
"name":"trip519","trip_cost":9514247.836231,"trip_weight":995.373858,"trip_length":25228.326098,"trip_size":74
}
