{
"name":"trip1234","trip_cost":4643061.067476,"trip_weight":1007.099571,"trip_length":11708.402449,"trip_size":56
}
