{
"name":"trip1189","trip_cost":4946798.643637,"trip_weight":1004.996594,"trip_length":14640.611808,"trip_size":70
}
