{
"name":"trip605","trip_cost":8532892.555628,"trip_weight":1003.925157,"trip_length":23778.216614,"trip_size":78
}
