{
"name":"trip677","trip_cost":7882797.077512,"trip_weight":962.485984,"trip_length":18614.211752,"trip_size":56
}
