{
"name":"trip746","trip_cost":7418617.015287,"trip_weight":1005.095102,"trip_length":20579.714177,"trip_size":64
}
