{
"name":"trip260","trip_cost":12516770.910680,"trip_weight":1005.654578,"trip_length":38624.706730,"trip_size":82
}
