{
"name":"trip278","trip_cost":12140055.160331,"trip_weight":1009.789938,"trip_length":38434.351083,"trip_size":86
}
