{
"name":"trip322","trip_cost":11636145.139773,"trip_weight":1006.522730,"trip_length":26995.384149,"trip_size":61
}
