{
"name":"trip588","trip_cost":8694426.776863,"trip_weight":990.976983,"trip_length":24384.034981,"trip_size":67
}
