{
"name":"trip952","trip_cost":6076223.466904,"trip_weight":989.422284,"trip_length":17156.858727,"trip_size":73
}
