{
"name":"trip309","trip_cost":11763161.293742,"trip_weight":1007.826630,"trip_length":27657.932832,"trip_size":65
}
