{
"name":"trip619","trip_cost":8331645.555277,"trip_weight":1009.355774,"trip_length":22874.064501,"trip_size":62
}
