{
"name":"trip1255","trip_cost":4511786.811774,"trip_weight":993.774759,"trip_length":12273.234176,"trip_size":68
}
