{
"name":"trip310","trip_cost":11751434.964945,"trip_weight":1009.268206,"trip_length":27689.118052,"trip_size":80
}
