{
"name":"trip1117","trip_cost":5300432.739378,"trip_weight":989.598093,"trip_length":14400.737985,"trip_size":62
}
