{
"name":"trip586","trip_cost":8713599.825273,"trip_weight":1009.631587,"trip_length":25717.953589,"trip_size":90
}
