{
"name":"trip834","trip_cost":6791089.968397,"trip_weight":1009.193037,"trip_length":19035.209665,"trip_size":56
}
