{
"name":"trip805","trip_cost":7060004.696244,"trip_weight":1002.958769,"trip_length":18640.826471,"trip_size":72
}
