{
"name":"trip1399","trip_cost":2401258.179071,"trip_weight":709.435253,"trip_length":9170.288951,"trip_size":45
}
