{
"name":"trip329","trip_cost":11565913.310457,"trip_weight":1009.104160,"trip_length":27264.856248,"trip_size":87
}
