{
"name":"trip530","trip_cost":9415408.667156,"trip_weight":1008.686649,"trip_length":23467.013372,"trip_size":73
}
