{
"name":"trip938","trip_cost":6170903.658603,"trip_weight":993.226614,"trip_length":15839.148538,"trip_size":58
}
