{
"name":"trip604","trip_cost":8540040.591480,"trip_weight":1009.685141,"trip_length":21427.363178,"trip_size":61
}
