{
"name":"trip642","trip_cost":8054569.429366,"trip_weight":1008.010232,"trip_length":21779.264224,"trip_size":72
}
