{
"name":"trip33","trip_cost":18123224.280861,"trip_weight":1008.267583,"trip_length":39937.386893,"trip_size":73
}
