{
"name":"trip868","trip_cost":6562087.255114,"trip_weight":1007.392020,"trip_length":19174.873408,"trip_size":76
}
