{
"name":"trip240","trip_cost":12888436.419803,"trip_weight":1007.951051,"trip_length":37762.663550,"trip_size":77
}
