{
"name":"trip243","trip_cost":12869015.394234,"trip_weight":1009.046130,"trip_length":37468.427964,"trip_size":84
}
