{
"name":"trip648","trip_cost":8018960.188831,"trip_weight":1009.106808,"trip_length":21117.538515,"trip_size":88
}
