{
"name":"trip843","trip_cost":6739227.279782,"trip_weight":1009.334828,"trip_length":19218.706488,"trip_size":95
}
