{
"name":"trip1078","trip_cost":5496378.843977,"trip_weight":1006.050713,"trip_length":15901.726122,"trip_size":64
}
