{
"name":"trip467","trip_cost":10092920.222066,"trip_weight":1007.580278,"trip_length":24879.095233,"trip_size":63
}
