{
"name":"trip201","trip_cost":13830166.936325,"trip_weight":1009.839011,"trip_length":36716.903417,"trip_size":88
}
