{
"name":"trip1228","trip_cost":4691757.349233,"trip_weight":922.686976,"trip_length":14412.919950,"trip_size":43
}
