{
"name":"trip285","trip_cost":12059949.435320,"trip_weight":1005.287746,"trip_length":30762.328435,"trip_size":84
}
