{
"name":"trip971","trip_cost":5970291.399357,"trip_weight":989.722678,"trip_length":16473.054073,"trip_size":54
}
