{
"name":"trip520","trip_cost":9512733.482808,"trip_weight":1009.664645,"trip_length":23293.468420,"trip_size":86
}
