{
"name":"trip1010","trip_cost":5818727.023846,"trip_weight":980.839439,"trip_length":17651.601944,"trip_size":69
}
