{
"name":"trip668","trip_cost":7927469.737057,"trip_weight":1009.230658,"trip_length":18884.900023,"trip_size":67
}
