{
"name":"trip802","trip_cost":7116501.315744,"trip_weight":984.596483,"trip_length":17633.918493,"trip_size":64
}
