{
"name":"trip1134","trip_cost":5232762.600631,"trip_weight":1009.468221,"trip_length":15289.829888,"trip_size":65
}
