{
"name":"trip1345","trip_cost":3482640.404783,"trip_weight":864.414507,"trip_length":11568.788194,"trip_size":50
}
