{
"name":"trip1248","trip_cost":4556080.167857,"trip_weight":996.025114,"trip_length":13428.709326,"trip_size":66
}
