{
"name":"trip122","trip_cost":15316193.012115,"trip_weight":1009.115912,"trip_length":39239.723769,"trip_size":89
}
