{
"name":"trip941","trip_cost":6143271.524931,"trip_weight":1009.497255,"trip_length":14969.150949,"trip_size":52
}
