{
"name":"trip54","trip_cost":17388353.847765,"trip_weight":1009.611164,"trip_length":39802.926284,"trip_size":78
}
