{
"name":"trip320","trip_cost":11649563.825005,"trip_weight":1009.892109,"trip_length":38048.075417,"trip_size":86
}
