{
"name":"trip434","trip_cost":10385314.634348,"trip_weight":1008.409495,"trip_length":25353.757120,"trip_size":65
}
