{
"name":"trip298","trip_cost":11936334.979113,"trip_weight":1009.592713,"trip_length":30004.408383,"trip_size":83
}
