{
"name":"trip774","trip_cost":7266785.644728,"trip_weight":1001.389441,"trip_length":22078.093077,"trip_size":69
}
