{
"name":"trip1368","trip_cost":3078083.193472,"trip_weight":861.545950,"trip_length":12232.415043,"trip_size":58
}
