{
"name":"trip488","trip_cost":9919650.526992,"trip_weight":1009.709075,"trip_length":25113.417325,"trip_size":65
}
