{
"name":"trip1213","trip_cost":4784165.958323,"trip_weight":780.291707,"trip_length":16818.940598,"trip_size":73
}
