{
"name":"trip1122","trip_cost":5276130.522244,"trip_weight":889.574429,"trip_length":22156.358381,"trip_size":70
}
