{
"name":"trip758","trip_cost":7360666.731723,"trip_weight":1006.853481,"trip_length":18007.356281,"trip_size":72
}
