{
"name":"trip1455","trip_cost":1248169.857779,"trip_weight":426.694618,"trip_length":6485.504885,"trip_size":32
}
