{
"name":"trip1366","trip_cost":3126028.532760,"trip_weight":920.671728,"trip_length":12053.266386,"trip_size":66
}
