{
"name":"trip1429","trip_cost":1713839.169017,"trip_weight":576.357521,"trip_length":6853.338518,"trip_size":36
}
