{
"name":"trip190","trip_cost":13981895.487244,"trip_weight":1009.938219,"trip_length":32382.721060,"trip_size":81
}
