{
"name":"trip154","trip_cost":14564350.971219,"trip_weight":1008.066688,"trip_length":39099.343765,"trip_size":79
}
