{
"name":"trip389","trip_cost":10935957.250999,"trip_weight":1003.437002,"trip_length":26657.646542,"trip_size":65
}
