{
"name":"trip720","trip_cost":7604307.629866,"trip_weight":1001.224904,"trip_length":18062.723336,"trip_size":73
}
