{
"name":"trip1486","trip_cost":760440.252098,"trip_weight":293.136961,"trip_length":5732.134990,"trip_size":37
}
