{
"name":"trip829","trip_cost":6841698.665526,"trip_weight":960.147491,"trip_length":17605.998371,"trip_size":70
}
