{
"name":"trip1005","trip_cost":5845910.077168,"trip_weight":1005.821996,"trip_length":16646.419739,"trip_size":58
}
