{
"name":"trip976","trip_cost":5947380.467254,"trip_weight":1004.908372,"trip_length":16162.755348,"trip_size":61
}
