{
"name":"trip1302","trip_cost":4082724.803999,"trip_weight":990.039551,"trip_length":14055.214218,"trip_size":63
}
