{
"name":"trip714","trip_cost":7624984.324874,"trip_weight":1008.764536,"trip_length":20047.266281,"trip_size":64
}
