{
"name":"trip1367","trip_cost":3113518.785581,"trip_weight":770.802323,"trip_length":10014.573623,"trip_size":41
}
