{
"name":"trip238","trip_cost":12901041.527486,"trip_weight":1006.532396,"trip_length":38379.698780,"trip_size":72
}
