{
"name":"trip1488","trip_cost":687251.744672,"trip_weight":440.562642,"trip_length":4609.119631,"trip_size":36
}
