{
"name":"trip759","trip_cost":7348131.254184,"trip_weight":1008.609572,"trip_length":20583.443809,"trip_size":65
}
