{
"name":"trip636","trip_cost":8081064.290311,"trip_weight":1008.242446,"trip_length":20645.200911,"trip_size":72
}
