{
"name":"trip1149","trip_cost":5186555.897576,"trip_weight":1003.773456,"trip_length":15284.292041,"trip_size":65
}
