{
"name":"trip1459","trip_cost":1168054.389899,"trip_weight":409.568124,"trip_length":6546.005225,"trip_size":33
}
