{
"name":"trip555","trip_cost":9064703.263100,"trip_weight":995.421459,"trip_length":28585.769263,"trip_size":67
}
