{
"name":"trip123","trip_cost":15265744.240040,"trip_weight":1009.304189,"trip_length":39400.134426,"trip_size":78
}
