{
"name":"trip1205","trip_cost":4837607.703823,"trip_weight":1005.512894,"trip_length":13667.721784,"trip_size":48
}
