{
"name":"trip608","trip_cost":8520312.422136,"trip_weight":1006.259329,"trip_length":20578.650152,"trip_size":74
}
