{
"name":"trip47","trip_cost":17671369.380007,"trip_weight":1004.453618,"trip_length":39891.203261,"trip_size":69
}
