{
"name":"trip1053","trip_cost":5643137.548279,"trip_weight":984.011734,"trip_length":15275.267721,"trip_size":68
}
