{
"name":"trip934","trip_cost":6181940.213508,"trip_weight":1009.065571,"trip_length":16205.092032,"trip_size":76
}
