{
"name":"trip1067","trip_cost":5557063.497313,"trip_weight":995.755731,"trip_length":15826.743931,"trip_size":72
}
