{
"name":"trip184","trip_cost":14024117.794611,"trip_weight":1009.437040,"trip_length":39344.392955,"trip_size":73
}
