{
"name":"trip1107","trip_cost":5341991.222459,"trip_weight":1007.765174,"trip_length":13310.222017,"trip_size":57
}
