{
"name":"trip892","trip_cost":6469494.939349,"trip_weight":975.587215,"trip_length":25317.859352,"trip_size":72
}
