{
"name":"trip558","trip_cost":9055420.046524,"trip_weight":1007.179305,"trip_length":22185.403852,"trip_size":81
}
