{
"name":"trip292","trip_cost":11972790.050965,"trip_weight":1008.444676,"trip_length":36837.771012,"trip_size":89
}
