{
"name":"trip451","trip_cost":10259949.883891,"trip_weight":1009.619830,"trip_length":24574.889783,"trip_size":64
}
