{
"name":"trip197","trip_cost":13884926.011644,"trip_weight":1009.782212,"trip_length":37352.073195,"trip_size":72
}
