{
"name":"trip962","trip_cost":6016718.439230,"trip_weight":1004.016136,"trip_length":15224.506812,"trip_size":66
}
