{
"name":"trip513","trip_cost":9551073.500089,"trip_weight":1006.902435,"trip_length":24700.445745,"trip_size":75
}
