{
"name":"trip118","trip_cost":15375826.139757,"trip_weight":1009.395795,"trip_length":39448.392270,"trip_size":74
}
