{
"name":"trip1337","trip_cost":3607463.162289,"trip_weight":899.299642,"trip_length":12460.956295,"trip_size":76
}
