{
"name":"trip1202","trip_cost":4861358.965459,"trip_weight":994.356726,"trip_length":13181.885256,"trip_size":67
}
