{
"name":"trip903","trip_cost":6373891.339487,"trip_weight":1008.272918,"trip_length":19840.437770,"trip_size":65
}
