{
"name":"trip1063","trip_cost":5571559.712022,"trip_weight":1008.806760,"trip_length":15031.019303,"trip_size":72
}
