{
"name":"trip330","trip_cost":11535335.880736,"trip_weight":1009.699600,"trip_length":27696.573860,"trip_size":79
}
