{
"name":"trip606","trip_cost":8524087.413890,"trip_weight":1003.457060,"trip_length":26197.684316,"trip_size":76
}
