{
"name":"trip602","trip_cost":8547594.085771,"trip_weight":1001.141389,"trip_length":22818.261248,"trip_size":69
}
