{
"name":"trip693","trip_cost":7752172.701390,"trip_weight":1004.789525,"trip_length":18988.785140,"trip_size":66
}
