{
"name":"trip953","trip_cost":6072166.231680,"trip_weight":1000.362750,"trip_length":15313.195925,"trip_size":70
}
