{
"name":"trip318","trip_cost":11658781.823245,"trip_weight":1009.235645,"trip_length":26561.147840,"trip_size":70
}
