{
"name":"trip745","trip_cost":7420740.655932,"trip_weight":1007.869997,"trip_length":19145.153768,"trip_size":58
}
