{
"name":"trip1421","trip_cost":1886545.697291,"trip_weight":587.111658,"trip_length":8425.743954,"trip_size":39
}
