{
"name":"trip212","trip_cost":13626717.026907,"trip_weight":1009.559345,"trip_length":36639.200143,"trip_size":77
}
