{
"name":"trip293","trip_cost":11967616.004978,"trip_weight":1007.634636,"trip_length":38064.906734,"trip_size":93
}
