{
"name":"trip921","trip_cost":6244130.682090,"trip_weight":1006.476780,"trip_length":15190.208635,"trip_size":69
}
