{
"name":"trip281","trip_cost":12096437.152509,"trip_weight":1009.466418,"trip_length":27436.884439,"trip_size":79
}
