{
"name":"trip83","trip_cost":16597574.408924,"trip_weight":1009.061857,"trip_length":38383.253010,"trip_size":73
}
