{
"name":"trip1200","trip_cost":4879771.935841,"trip_weight":906.762906,"trip_length":15783.641291,"trip_size":71
}
