{
"name":"trip316","trip_cost":11696165.180294,"trip_weight":1009.853840,"trip_length":27339.671597,"trip_size":77
}
