{
"name":"trip629","trip_cost":8158588.017577,"trip_weight":986.234198,"trip_length":24014.474393,"trip_size":67
}
