{
"name":"trip652","trip_cost":8002055.586885,"trip_weight":1003.598893,"trip_length":21237.933022,"trip_size":82
}
