{
"name":"trip1226","trip_cost":4701389.141962,"trip_weight":951.464281,"trip_length":13706.040932,"trip_size":66
}
