{
"name":"trip961","trip_cost":6018465.864285,"trip_weight":1003.090050,"trip_length":15333.032394,"trip_size":70
}
