{
"name":"trip57","trip_cost":17228745.793058,"trip_weight":1009.972379,"trip_length":39549.018199,"trip_size":92
}
