{
"name":"trip1079","trip_cost":5495654.127949,"trip_weight":1004.870613,"trip_length":15283.175582,"trip_size":50
}
