{
"name":"trip1323","trip_cost":3810589.348031,"trip_weight":981.928273,"trip_length":11501.707426,"trip_size":61
}
