{
"name":"trip902","trip_cost":6381778.002576,"trip_weight":1001.504517,"trip_length":16265.432098,"trip_size":72
}
