{
"name":"trip1237","trip_cost":4620281.830150,"trip_weight":1008.556592,"trip_length":13065.985966,"trip_size":62
}
