{
"name":"trip404","trip_cost":10779309.434163,"trip_weight":986.905533,"trip_length":28300.312726,"trip_size":64
}
