{
"name":"trip1363","trip_cost":3168207.710677,"trip_weight":908.233304,"trip_length":10966.567023,"trip_size":52
}
