{
"name":"trip1000","trip_cost":5855715.450117,"trip_weight":1007.904011,"trip_length":15047.654930,"trip_size":67
}
