{
"name":"trip742","trip_cost":7449050.981336,"trip_weight":1002.390463,"trip_length":21104.627747,"trip_size":73
}
