{
"name":"trip1282","trip_cost":4347654.591009,"trip_weight":936.069637,"trip_length":11823.097125,"trip_size":44
}
