{
"name":"trip766","trip_cost":7291041.545241,"trip_weight":943.919267,"trip_length":21637.167546,"trip_size":49
}
