{
"name":"trip335","trip_cost":11472862.114097,"trip_weight":998.720229,"trip_length":37134.369675,"trip_size":85
}
