{
"name":"trip301","trip_cost":11896321.320824,"trip_weight":1004.979581,"trip_length":38498.928902,"trip_size":89
}
