{
"name":"trip1464","trip_cost":1120430.669184,"trip_weight":394.643457,"trip_length":6159.675647,"trip_size":27
}
