{
"name":"trip1026","trip_cost":5741639.232062,"trip_weight":998.384110,"trip_length":16188.979628,"trip_size":72
}
