{
"name":"trip1172","trip_cost":5060941.581084,"trip_weight":936.792135,"trip_length":14960.090824,"trip_size":66
}
