{
"name":"trip27","trip_cost":18489626.814010,"trip_weight":1008.346221,"trip_length":39910.944416,"trip_size":80
}
