{
"name":"trip615","trip_cost":8403596.736787,"trip_weight":1009.641822,"trip_length":22909.130478,"trip_size":66
}
