{
"name":"trip1095","trip_cost":5393191.345021,"trip_weight":1009.322925,"trip_length":14357.932452,"trip_size":67
}
