{
"name":"trip1257","trip_cost":4499708.261812,"trip_weight":1004.650269,"trip_length":13117.467443,"trip_size":69
}
