{
"name":"trip65","trip_cost":17140178.380559,"trip_weight":1007.980525,"trip_length":39662.879273,"trip_size":81
}
