{
"name":"trip1269","trip_cost":4428589.035901,"trip_weight":948.645629,"trip_length":12644.937907,"trip_size":63
}
