{
"name":"trip568","trip_cost":8953623.281006,"trip_weight":999.729045,"trip_length":26342.002000,"trip_size":69
}
