{
"name":"trip998","trip_cost":5863859.179730,"trip_weight":1007.212113,"trip_length":16581.094031,"trip_size":64
}
