{
"name":"trip1444","trip_cost":1433184.643099,"trip_weight":478.716143,"trip_length":6773.365289,"trip_size":31
}
