{
"name":"trip418","trip_cost":10598467.974698,"trip_weight":1007.666914,"trip_length":26867.991929,"trip_size":56
}
