{
"name":"trip508","trip_cost":9633026.309401,"trip_weight":1006.851775,"trip_length":24288.437751,"trip_size":87
}
