{
"name":"trip591","trip_cost":8656720.629388,"trip_weight":1007.349777,"trip_length":20647.121967,"trip_size":65
}
