{
"name":"trip981","trip_cost":5921067.885131,"trip_weight":1001.706493,"trip_length":16138.191486,"trip_size":67
}
