{
"name":"trip268","trip_cost":12314827.164684,"trip_weight":1009.212969,"trip_length":28639.286972,"trip_size":74
}
