{
"name":"trip1072","trip_cost":5518562.014546,"trip_weight":992.055164,"trip_length":14971.800144,"trip_size":60
}
