{
"name":"trip933","trip_cost":6189991.276572,"trip_weight":1006.982740,"trip_length":17743.869279,"trip_size":68
}
