{
"name":"trip1281","trip_cost":4348097.442017,"trip_weight":943.784863,"trip_length":13480.230382,"trip_size":53
}
