{
"name":"trip1471","trip_cost":1058163.131359,"trip_weight":391.966901,"trip_length":5717.398822,"trip_size":29
}
