{
"name":"trip225","trip_cost":13325461.608669,"trip_weight":1009.723622,"trip_length":37296.098625,"trip_size":100
}
