{
"name":"trip624","trip_cost":8269496.244945,"trip_weight":1008.948325,"trip_length":21913.395065,"trip_size":83
}
