{
"name":"trip280","trip_cost":12114983.817704,"trip_weight":1009.941607,"trip_length":28872.743324,"trip_size":71
}
