{
"name":"trip303","trip_cost":11863215.385914,"trip_weight":1008.140704,"trip_length":28305.507304,"trip_size":63
}
