{
"name":"trip726","trip_cost":7562143.017077,"trip_weight":1006.326337,"trip_length":21403.406632,"trip_size":81
}
