{
"name":"trip328","trip_cost":11571431.278968,"trip_weight":1007.804577,"trip_length":27827.867339,"trip_size":83
}
