{
"name":"trip441","trip_cost":10343831.632599,"trip_weight":1009.796966,"trip_length":26172.141942,"trip_size":68
}
