{
"name":"trip663","trip_cost":7955456.806783,"trip_weight":1005.444046,"trip_length":21861.271863,"trip_size":66
}
