{
"name":"trip1137","trip_cost":5221228.004543,"trip_weight":984.584808,"trip_length":22486.512659,"trip_size":66
}
