{
"name":"trip554","trip_cost":9065246.166582,"trip_weight":1008.650940,"trip_length":24029.175538,"trip_size":74
}
