{
"name":"trip185","trip_cost":14022293.003973,"trip_weight":1009.968227,"trip_length":38041.064623,"trip_size":81
}
