{
"name":"trip511","trip_cost":9562329.162957,"trip_weight":1008.831973,"trip_length":27112.827198,"trip_size":62
}
