{
"name":"trip81","trip_cost":16636799.367639,"trip_weight":1009.446830,"trip_length":39744.480724,"trip_size":87
}
