{
"name":"trip371","trip_cost":11090861.006074,"trip_weight":1006.557716,"trip_length":26105.072260,"trip_size":83
}
