{
"name":"trip1443","trip_cost":1434867.162350,"trip_weight":497.963522,"trip_length":6779.419174,"trip_size":33
}
