{
"name":"trip507","trip_cost":9685516.749858,"trip_weight":1009.028399,"trip_length":23805.188527,"trip_size":74
}
