{
"name":"trip946","trip_cost":6123323.550041,"trip_weight":1009.511856,"trip_length":16332.542497,"trip_size":62
}
