{
"name":"trip102","trip_cost":15903776.338643,"trip_weight":1009.019879,"trip_length":37839.322737,"trip_size":87
}
