{
"name":"trip1038","trip_cost":5696283.864687,"trip_weight":987.638917,"trip_length":14496.868496,"trip_size":63
}
