{
"name":"trip287","trip_cost":12031669.608402,"trip_weight":1005.133107,"trip_length":28599.824438,"trip_size":77
}
