{
"name":"trip562","trip_cost":9015421.726119,"trip_weight":1007.376751,"trip_length":23135.399675,"trip_size":86
}
