{
"name":"trip709","trip_cost":7659109.392693,"trip_weight":912.408156,"trip_length":24326.032688,"trip_size":63
}
