{
"name":"trip785","trip_cost":7184947.780998,"trip_weight":990.833508,"trip_length":18304.560659,"trip_size":62
}
