{
"name":"trip414","trip_cost":10628797.226646,"trip_weight":1009.370948,"trip_length":24251.440974,"trip_size":82
}
