{
"name":"trip387","trip_cost":10953627.659800,"trip_weight":1009.701069,"trip_length":26052.529112,"trip_size":73
}
