{
"name":"trip1418","trip_cost":1968841.370862,"trip_weight":675.644263,"trip_length":7811.121256,"trip_size":24
}
