{
"name":"trip49","trip_cost":17604215.953259,"trip_weight":1009.943804,"trip_length":38975.088816,"trip_size":71
}
