{
"name":"trip1092","trip_cost":5406984.358691,"trip_weight":1005.704055,"trip_length":15229.339585,"trip_size":77
}
