{
"name":"trip956","trip_cost":6057408.572798,"trip_weight":1005.987376,"trip_length":15268.048416,"trip_size":70
}
