{
"name":"trip704","trip_cost":7712062.529389,"trip_weight":997.357020,"trip_length":18749.966013,"trip_size":63
}
