{
"name":"trip158","trip_cost":14482669.060823,"trip_weight":1004.506464,"trip_length":39186.280554,"trip_size":79
}
