{
"name":"trip820","trip_cost":6903105.008661,"trip_weight":978.252141,"trip_length":17615.217949,"trip_size":62
}
