{
"name":"trip77","trip_cost":16755139.860860,"trip_weight":1009.081161,"trip_length":39978.334102,"trip_size":70
}
