{
"name":"trip1025","trip_cost":5742766.752667,"trip_weight":1009.482150,"trip_length":14613.034749,"trip_size":71
}
