{
"name":"trip1283","trip_cost":4336800.514071,"trip_weight":1009.583000,"trip_length":11427.563503,"trip_size":51
}
