{
"name":"trip1163","trip_cost":5132176.247016,"trip_weight":998.233545,"trip_length":14855.315271,"trip_size":78
}
