{
"name":"trip61","trip_cost":17168137.520694,"trip_weight":1009.551521,"trip_length":39877.887209,"trip_size":61
}
