{
"name":"trip1487","trip_cost":701660.583667,"trip_weight":262.013584,"trip_length":5700.023415,"trip_size":26
}
