{
"name":"trip1413","trip_cost":2064808.090033,"trip_weight":655.651559,"trip_length":7633.228600,"trip_size":37
}
