{
"name":"trip321","trip_cost":11642174.332279,"trip_weight":1009.051225,"trip_length":27670.592868,"trip_size":65
}
