{
"name":"trip551","trip_cost":9093379.147654,"trip_weight":1007.472208,"trip_length":24217.372525,"trip_size":82
}
