{
"name":"trip572","trip_cost":8874012.897550,"trip_weight":1005.737360,"trip_length":23447.980947,"trip_size":83
}
