{
"name":"trip857","trip_cost":6639228.972715,"trip_weight":1009.862010,"trip_length":17847.790566,"trip_size":61
}
