{
"name":"trip883","trip_cost":6512161.451238,"trip_weight":1000.058647,"trip_length":25126.557104,"trip_size":73
}
