{
"name":"trip886","trip_cost":6491242.773868,"trip_weight":1006.038834,"trip_length":21239.844130,"trip_size":68
}
