{
"name":"trip910","trip_cost":6317597.335999,"trip_weight":991.556578,"trip_length":16895.432880,"trip_size":73
}
