{
"name":"trip232","trip_cost":13122989.110001,"trip_weight":1008.683673,"trip_length":35971.080554,"trip_size":75
}
