{
"name":"trip1484","trip_cost":767549.307504,"trip_weight":483.848908,"trip_length":4318.430914,"trip_size":37
}
