{
"name":"trip1094","trip_cost":5399595.369485,"trip_weight":996.941678,"trip_length":14307.101096,"trip_size":61
}
