{
"name":"trip970","trip_cost":5977488.735030,"trip_weight":1009.653021,"trip_length":16452.459832,"trip_size":61
}
