{
"name":"trip1070","trip_cost":5522539.338722,"trip_weight":997.637456,"trip_length":15007.188046,"trip_size":67
}
