{
"name":"trip987","trip_cost":5898804.607813,"trip_weight":1006.543943,"trip_length":15971.238247,"trip_size":71
}
