{
"name":"trip711","trip_cost":7650383.289936,"trip_weight":980.507641,"trip_length":27044.370193,"trip_size":54
}
