{
"name":"trip875","trip_cost":6540388.718123,"trip_weight":955.017385,"trip_length":17799.524934,"trip_size":73
}
