{
"name":"trip22","trip_cost":18653808.738432,"trip_weight":1008.849545,"trip_length":39965.642227,"trip_size":67
}
