{
"name":"trip1336","trip_cost":3611498.134658,"trip_weight":953.340637,"trip_length":10826.987301,"trip_size":51
}
