{
"name":"trip395","trip_cost":10853334.955324,"trip_weight":1009.758129,"trip_length":24036.525977,"trip_size":87
}
