{
"name":"trip989","trip_cost":5891370.292683,"trip_weight":1006.148312,"trip_length":15016.999794,"trip_size":68
}
