{
"name":"trip736","trip_cost":7472040.312709,"trip_weight":1001.548455,"trip_length":25926.970770,"trip_size":70
}
