{
"name":"trip573","trip_cost":8836203.644319,"trip_weight":985.118241,"trip_length":25558.235638,"trip_size":56
}
