{
"name":"trip331","trip_cost":11523046.892909,"trip_weight":1009.236770,"trip_length":26794.715931,"trip_size":72
}
