{
"name":"trip807","trip_cost":7037390.279802,"trip_weight":1006.840049,"trip_length":18310.761532,"trip_size":68
}
