{
"name":"trip233","trip_cost":13110647.878040,"trip_weight":1008.155926,"trip_length":28998.092171,"trip_size":70
}
