{
"name":"trip79","trip_cost":16686324.481844,"trip_weight":1009.513400,"trip_length":39398.871487,"trip_size":81
}
