{
"name":"trip968","trip_cost":5994123.222062,"trip_weight":1008.817379,"trip_length":16319.640351,"trip_size":71
}
