{
"name":"trip845","trip_cost":6706554.885010,"trip_weight":1009.121196,"trip_length":17274.143461,"trip_size":80
}
