{
"name":"trip455","trip_cost":10227059.252625,"trip_weight":1004.057727,"trip_length":25461.847457,"trip_size":67
}
