{
"name":"trip1405","trip_cost":2261941.911267,"trip_weight":618.356869,"trip_length":9644.929672,"trip_size":41
}
