{
"name":"trip992","trip_cost":5877138.582546,"trip_weight":1009.012930,"trip_length":15293.516942,"trip_size":60
}
