{
"name":"trip564","trip_cost":8998846.406849,"trip_weight":1007.091364,"trip_length":22351.327561,"trip_size":78
}
