{
"name":"trip151","trip_cost":14611771.046897,"trip_weight":1008.704757,"trip_length":39148.795788,"trip_size":69
}
