{
"name":"trip675","trip_cost":7886690.126731,"trip_weight":1007.640486,"trip_length":18701.184686,"trip_size":61
}
