{
"name":"trip374","trip_cost":11058208.793688,"trip_weight":1009.860354,"trip_length":25209.249446,"trip_size":67
}
