{
"name":"trip867","trip_cost":6562138.454909,"trip_weight":1002.343273,"trip_length":17089.085715,"trip_size":64
}
