{
"name":"trip764","trip_cost":7304314.766769,"trip_weight":1008.892433,"trip_length":17148.736833,"trip_size":64
}
