{
"name":"trip229","trip_cost":13202723.408249,"trip_weight":1004.325749,"trip_length":38918.582409,"trip_size":81
}
