{
"name":"trip1260","trip_cost":4494510.215308,"trip_weight":1004.055972,"trip_length":13284.750395,"trip_size":57
}
