{
"name":"trip654","trip_cost":7992712.752597,"trip_weight":1007.117250,"trip_length":20093.862640,"trip_size":71
}
