{
"name":"trip1412","trip_cost":2081998.611954,"trip_weight":682.900652,"trip_length":7018.094981,"trip_size":38
}
