{
"name":"trip923","trip_cost":6233713.582396,"trip_weight":1001.266599,"trip_length":16642.508931,"trip_size":64
}
