{
"name":"trip433","trip_cost":10408923.988544,"trip_weight":1005.771251,"trip_length":25298.452075,"trip_size":60
}
