{
"name":"trip1131","trip_cost":5240408.325286,"trip_weight":1007.287120,"trip_length":13765.183821,"trip_size":76
}
