{
"name":"trip188","trip_cost":14006719.089235,"trip_weight":1001.584629,"trip_length":38706.012870,"trip_size":88
}
