{
"name":"trip1239","trip_cost":4607183.079430,"trip_weight":992.784722,"trip_length":12408.161703,"trip_size":64
}
