{
"name":"trip974","trip_cost":5955671.052368,"trip_weight":950.239267,"trip_length":15968.876537,"trip_size":72
}
