{
"name":"trip248","trip_cost":12738091.843591,"trip_weight":1009.485718,"trip_length":37826.732243,"trip_size":78
}
