{
"name":"trip1419","trip_cost":1957320.718347,"trip_weight":567.218962,"trip_length":8567.967108,"trip_size":39
}
