{
"name":"trip69","trip_cost":17064515.336468,"trip_weight":1009.217892,"trip_length":39572.731043,"trip_size":64
}
