{
"name":"trip48","trip_cost":17653989.654970,"trip_weight":1006.378139,"trip_length":40049.779839,"trip_size":67
}
