{
"name":"trip715","trip_cost":7613421.207997,"trip_weight":1009.449978,"trip_length":23903.461479,"trip_size":72
}
