{
"name":"trip632","trip_cost":8115346.733848,"trip_weight":996.621148,"trip_length":24724.822909,"trip_size":66
}
