{
"name":"trip114","trip_cost":15512946.087303,"trip_weight":998.163673,"trip_length":39702.394809,"trip_size":63
}
