{
"name":"trip1027","trip_cost":5736946.016467,"trip_weight":1006.358726,"trip_length":15903.922713,"trip_size":73
}
