{
"name":"trip1410","trip_cost":2201474.362355,"trip_weight":617.410314,"trip_length":9744.368536,"trip_size":48
}
