{
"name":"trip332","trip_cost":11503513.088269,"trip_weight":1008.404994,"trip_length":25836.817992,"trip_size":69
}
