{
"name":"trip574","trip_cost":8835227.924646,"trip_weight":985.416896,"trip_length":28366.428382,"trip_size":53
}
