{
"name":"trip1324","trip_cost":3780420.713599,"trip_weight":928.534451,"trip_length":11861.820557,"trip_size":62
}
