{
"name":"trip1326","trip_cost":3752039.396643,"trip_weight":886.956287,"trip_length":11505.490494,"trip_size":63
}
