{
"name":"trip1103","trip_cost":5354345.873045,"trip_weight":1006.037191,"trip_length":14409.041627,"trip_size":70
}
