{
"name":"trip977","trip_cost":5929377.481647,"trip_weight":995.649262,"trip_length":15177.966025,"trip_size":71
}
