{
"name":"trip1434","trip_cost":1580496.211119,"trip_weight":483.384833,"trip_length":8265.599598,"trip_size":43
}
