{
"name":"trip265","trip_cost":12361474.897367,"trip_weight":946.439987,"trip_length":38636.764898,"trip_size":65
}
