{
"name":"trip529","trip_cost":9423225.849004,"trip_weight":1006.593644,"trip_length":27814.841307,"trip_size":75
}
