{
"name":"trip1077","trip_cost":5506662.877746,"trip_weight":989.751373,"trip_length":16406.217117,"trip_size":72
}
