{
"name":"trip43","trip_cost":17855250.951157,"trip_weight":1009.846046,"trip_length":39675.974991,"trip_size":61
}
