{
"name":"trip643","trip_cost":8052479.004538,"trip_weight":1008.743115,"trip_length":20037.400950,"trip_size":63
}
