{
"name":"trip424","trip_cost":10489991.657838,"trip_weight":1008.698355,"trip_length":25230.921782,"trip_size":71
}
