{
"name":"trip1384","trip_cost":2722134.242973,"trip_weight":760.266450,"trip_length":10318.902819,"trip_size":57
}
