{
"name":"trip1186","trip_cost":4955044.621652,"trip_weight":981.636222,"trip_length":13493.900177,"trip_size":67
}
