{
"name":"trip1278","trip_cost":4378188.682084,"trip_weight":958.719960,"trip_length":12538.334260,"trip_size":57
}
