{
"name":"trip1154","trip_cost":5166696.525150,"trip_weight":1008.229826,"trip_length":15496.862664,"trip_size":76
}
