{
"name":"trip1126","trip_cost":5257323.714817,"trip_weight":936.854624,"trip_length":15906.690692,"trip_size":72
}
