{
"name":"trip1231","trip_cost":4669092.036351,"trip_weight":968.418989,"trip_length":14338.214856,"trip_size":50
}
