{
"name":"trip291","trip_cost":11994563.664537,"trip_weight":981.508567,"trip_length":37853.144893,"trip_size":82
}
