{
"name":"trip926","trip_cost":6217147.103847,"trip_weight":1007.120619,"trip_length":16373.675713,"trip_size":62
}
