{
"name":"trip851","trip_cost":6684403.228203,"trip_weight":1009.427230,"trip_length":24395.945504,"trip_size":78
}
