{
"name":"trip1001","trip_cost":5855171.861547,"trip_weight":1006.279125,"trip_length":14741.495735,"trip_size":58
}
