{
"name":"trip1208","trip_cost":4809488.149505,"trip_weight":869.013226,"trip_length":23526.405983,"trip_size":68
}
