{
"name":"trip1388","trip_cost":2590087.302481,"trip_weight":659.626925,"trip_length":9939.779816,"trip_size":44
}
