{
"name":"trip1102","trip_cost":5357362.342676,"trip_weight":998.775686,"trip_length":15272.089230,"trip_size":53
}
