{
"name":"trip207","trip_cost":13671941.874210,"trip_weight":1009.558354,"trip_length":37700.242921,"trip_size":75
}
