{
"name":"trip1266","trip_cost":4450609.622582,"trip_weight":1007.963484,"trip_length":12167.352008,"trip_size":52
}
