{
"name":"trip104","trip_cost":15851187.908680,"trip_weight":1009.220943,"trip_length":39600.032870,"trip_size":72
}
