{
"name":"trip165","trip_cost":14321830.216066,"trip_weight":1009.478566,"trip_length":38370.148977,"trip_size":85
}
