{
"name":"trip171","trip_cost":14216034.733083,"trip_weight":1009.051648,"trip_length":38751.589354,"trip_size":95
}
