{
"name":"trip172","trip_cost":14209809.695145,"trip_weight":1008.833065,"trip_length":32066.025847,"trip_size":74
}
