{
"name":"trip29","trip_cost":18353965.934357,"trip_weight":1009.624883,"trip_length":40072.073093,"trip_size":71
}
