{
"name":"trip896","trip_cost":6430337.488438,"trip_weight":903.475244,"trip_length":22659.251561,"trip_size":60
}
