{
"name":"trip217","trip_cost":13564108.751107,"trip_weight":1008.589620,"trip_length":37081.863881,"trip_size":78
}
