{
"name":"trip667","trip_cost":7928119.362778,"trip_weight":1005.844243,"trip_length":20309.567025,"trip_size":57
}
