{
"name":"trip366","trip_cost":11138235.510623,"trip_weight":1008.727711,"trip_length":27362.356658,"trip_size":66
}
