{
"name":"trip53","trip_cost":17442266.221608,"trip_weight":1004.172932,"trip_length":39675.564134,"trip_size":87
}
