{
"name":"trip1289","trip_cost":4283604.720447,"trip_weight":993.703960,"trip_length":12957.309148,"trip_size":70
}
