{
"name":"trip1013","trip_cost":5810578.268170,"trip_weight":1007.771140,"trip_length":16586.297458,"trip_size":73
}
