{
"name":"trip1214","trip_cost":4771414.709843,"trip_weight":925.184118,"trip_length":18957.532574,"trip_size":54
}
