{
"name":"trip830","trip_cost":6839822.469852,"trip_weight":981.898165,"trip_length":18184.676164,"trip_size":62
}
