{
"name":"trip539","trip_cost":9311886.113602,"trip_weight":1006.120986,"trip_length":26983.777261,"trip_size":71
}
