{
"name":"trip767","trip_cost":7289021.173628,"trip_weight":1008.060766,"trip_length":18316.933500,"trip_size":65
}
