{
"name":"trip641","trip_cost":8074902.452273,"trip_weight":999.696019,"trip_length":26112.525892,"trip_size":75
}
