{
"name":"trip600","trip_cost":8555057.266712,"trip_weight":1004.478584,"trip_length":27277.008586,"trip_size":59
}
