{
"name":"trip1207","trip_cost":4817851.858973,"trip_weight":1002.673535,"trip_length":14332.710259,"trip_size":59
}
