{
"name":"trip1303","trip_cost":4071097.237909,"trip_weight":978.462139,"trip_length":12851.527076,"trip_size":64
}
