{
"name":"trip338","trip_cost":11413563.820235,"trip_weight":1005.524809,"trip_length":36567.880669,"trip_size":79
}
