{
"name":"trip1046","trip_cost":5658275.107668,"trip_weight":999.310729,"trip_length":14365.259058,"trip_size":57
}
