{
"name":"trip945","trip_cost":6124488.288029,"trip_weight":1006.001121,"trip_length":17646.265383,"trip_size":68
}
