{
"name":"trip1277","trip_cost":4383190.961362,"trip_weight":984.356752,"trip_length":12577.835945,"trip_size":53
}
