{
"name":"trip958","trip_cost":6040075.610685,"trip_weight":1008.200294,"trip_length":20555.315973,"trip_size":66
}
