{
"name":"trip848","trip_cost":6687425.292844,"trip_weight":979.012956,"trip_length":25296.367064,"trip_size":66
}
