{
"name":"trip1403","trip_cost":2354491.629222,"trip_weight":655.381769,"trip_length":10189.095334,"trip_size":51
}
