{
"name":"trip1404","trip_cost":2298882.222714,"trip_weight":799.308243,"trip_length":7858.410229,"trip_size":46
}
