{
"name":"trip129","trip_cost":15067472.559692,"trip_weight":1009.181182,"trip_length":39357.471440,"trip_size":77
}
