{
"name":"trip300","trip_cost":11917465.572531,"trip_weight":1005.109702,"trip_length":27807.780804,"trip_size":69
}
