{
"name":"trip1147","trip_cost":5190278.315014,"trip_weight":1001.407549,"trip_length":15302.016269,"trip_size":73
}
