{
"name":"trip1155","trip_cost":5164052.857106,"trip_weight":1005.658220,"trip_length":14725.451600,"trip_size":68
}
