{
"name":"trip769","trip_cost":7283707.591614,"trip_weight":1009.249695,"trip_length":19827.979169,"trip_size":68
}
