{
"name":"trip252","trip_cost":12681655.995037,"trip_weight":1008.930131,"trip_length":36141.487704,"trip_size":78
}
