{
"name":"trip204","trip_cost":13743449.624633,"trip_weight":958.856480,"trip_length":39851.300434,"trip_size":71
}
