{
"name":"trip1442","trip_cost":1439164.811377,"trip_weight":508.291234,"trip_length":6517.110782,"trip_size":38
}
