{
"name":"trip24","trip_cost":18609364.975949,"trip_weight":1009.445308,"trip_length":40015.747552,"trip_size":67
}
