{
"name":"trip261","trip_cost":12516499.110970,"trip_weight":1007.071209,"trip_length":37052.242961,"trip_size":95
}
