{
"name":"trip954","trip_cost":6061906.208532,"trip_weight":1008.935100,"trip_length":15230.880750,"trip_size":77
}
