{
"name":"trip489","trip_cost":9915909.340661,"trip_weight":1009.782585,"trip_length":24281.293340,"trip_size":87
}
