{
"name":"trip1169","trip_cost":5085545.114680,"trip_weight":1004.893281,"trip_length":15155.707788,"trip_size":63
}
