{
"name":"trip1256","trip_cost":4506277.467166,"trip_weight":997.661043,"trip_length":12650.069436,"trip_size":67
}
