{
"name":"trip832","trip_cost":6825452.579910,"trip_weight":1007.311524,"trip_length":18160.879725,"trip_size":66
}
