{
"name":"trip1263","trip_cost":4462869.833033,"trip_weight":958.222106,"trip_length":12349.730453,"trip_size":66
}
