{
"name":"trip286","trip_cost":12035003.226600,"trip_weight":1009.546458,"trip_length":27536.127977,"trip_size":69
}
