{
"name":"trip1354","trip_cost":3362229.409365,"trip_weight":895.069053,"trip_length":9549.003310,"trip_size":57
}
