{
"name":"trip1298","trip_cost":4133821.867880,"trip_weight":968.785911,"trip_length":12347.150621,"trip_size":63
}
