{
"name":"trip570","trip_cost":8938116.806510,"trip_weight":1003.125045,"trip_length":23742.747497,"trip_size":75
}
