{
"name":"trip1258","trip_cost":4496404.409039,"trip_weight":906.827705,"trip_length":13568.260870,"trip_size":61
}
