{
"name":"trip228","trip_cost":13231078.716828,"trip_weight":1006.668384,"trip_length":31727.933881,"trip_size":83
}
