{
"name":"trip215","trip_cost":13593086.821817,"trip_weight":997.287422,"trip_length":36980.817999,"trip_size":86
}
