{
"name":"trip964","trip_cost":6011171.715900,"trip_weight":1008.671201,"trip_length":15233.164913,"trip_size":63
}
