{
"name":"trip1307","trip_cost":4019477.328693,"trip_weight":941.821993,"trip_length":12514.450770,"trip_size":75
}
