{
"name":"trip1232","trip_cost":4665790.322279,"trip_weight":1004.393102,"trip_length":14180.142046,"trip_size":66
}
