{
"name":"trip943","trip_cost":6137840.045754,"trip_weight":1007.834424,"trip_length":16825.671651,"trip_size":59
}
