{
"name":"trip390","trip_cost":10935636.202527,"trip_weight":1003.947348,"trip_length":27112.939542,"trip_size":90
}
