{
"name":"trip443","trip_cost":10317065.107880,"trip_weight":991.838197,"trip_length":37311.433836,"trip_size":80
}
