{
"name":"trip791","trip_cost":7175680.341639,"trip_weight":1006.173123,"trip_length":19163.294424,"trip_size":74
}
