{
"name":"trip34","trip_cost":18090032.347139,"trip_weight":1009.282576,"trip_length":39518.728422,"trip_size":83
}
