{
"name":"trip282","trip_cost":12080558.134169,"trip_weight":1008.249449,"trip_length":37756.166697,"trip_size":82
}
