{
"name":"trip1135","trip_cost":5226279.714898,"trip_weight":999.817912,"trip_length":13325.527181,"trip_size":68
}
