{
"name":"trip538","trip_cost":9342561.070071,"trip_weight":1001.124110,"trip_length":25276.655327,"trip_size":76
}
