{
"name":"trip1035","trip_cost":5701684.595909,"trip_weight":923.579844,"trip_length":16634.953012,"trip_size":65
}
