{
"name":"trip601","trip_cost":8547999.012464,"trip_weight":1009.645380,"trip_length":20845.986411,"trip_size":77
}
