{
"name":"trip625","trip_cost":8246060.442389,"trip_weight":1009.845057,"trip_length":23173.283792,"trip_size":67
}
