{
"name":"trip74","trip_cost":16789463.010383,"trip_weight":1009.809289,"trip_length":39220.663749,"trip_size":70
}
