{
"name":"trip1286","trip_cost":4319135.055280,"trip_weight":1007.165586,"trip_length":13074.812947,"trip_size":66
}
