{
"name":"trip444","trip_cost":10313238.967673,"trip_weight":1009.622453,"trip_length":25259.053608,"trip_size":83
}
