{
"name":"trip1312","trip_cost":3954992.314701,"trip_weight":926.293199,"trip_length":12434.907047,"trip_size":59
}
