{
"name":"trip1125","trip_cost":5264664.990214,"trip_weight":1003.427823,"trip_length":15762.928729,"trip_size":66
}
