{
"name":"trip200","trip_cost":13856445.318680,"trip_weight":1009.735370,"trip_length":39233.920980,"trip_size":77
}
