{
"name":"trip1022","trip_cost":5764615.572549,"trip_weight":1005.059822,"trip_length":15101.478655,"trip_size":64
}
