{
"name":"trip794","trip_cost":7168371.192733,"trip_weight":1000.590149,"trip_length":21757.824273,"trip_size":75
}
