{
"name":"trip521","trip_cost":9511063.805755,"trip_weight":1009.710955,"trip_length":24583.506093,"trip_size":74
}
