{
"name":"trip196","trip_cost":13891700.714733,"trip_weight":1005.084379,"trip_length":38402.331568,"trip_size":85
}
