{
"name":"trip754","trip_cost":7384826.604755,"trip_weight":960.910043,"trip_length":18917.987931,"trip_size":60
}
