{
"name":"trip712","trip_cost":7646296.202598,"trip_weight":1009.191103,"trip_length":25761.947677,"trip_size":74
}
