{
"name":"trip149","trip_cost":14625777.492023,"trip_weight":1008.410190,"trip_length":39350.501641,"trip_size":72
}
