{
"name":"trip8","trip_cost":19357267.872129,"trip_weight":1009.943909,"trip_length":40073.278847,"trip_size":79
}
