{
"name":"trip1178","trip_cost":5020379.717411,"trip_weight":1005.820055,"trip_length":12935.272608,"trip_size":65
}
