{
"name":"trip213","trip_cost":13615739.018641,"trip_weight":1009.952509,"trip_length":37964.610496,"trip_size":87
}
