{
"name":"trip1284","trip_cost":4332147.403442,"trip_weight":757.644734,"trip_length":14178.205712,"trip_size":56
}
