{
"name":"trip676","trip_cost":7886269.810590,"trip_weight":1003.402996,"trip_length":18676.745561,"trip_size":65
}
