{
"name":"trip1132","trip_cost":5238965.315685,"trip_weight":998.439906,"trip_length":14311.299337,"trip_size":63
}
