{
"name":"trip827","trip_cost":6866118.160769,"trip_weight":988.850687,"trip_length":18135.101890,"trip_size":50
}
