{
"name":"trip506","trip_cost":9715555.794084,"trip_weight":1008.233062,"trip_length":23356.057194,"trip_size":73
}
