{
"name":"trip689","trip_cost":7781650.300676,"trip_weight":1009.521269,"trip_length":18329.815798,"trip_size":74
}
