{
"name":"trip796","trip_cost":7155187.074751,"trip_weight":1006.379940,"trip_length":17783.164796,"trip_size":66
}
