{
"name":"trip1362","trip_cost":3186920.557581,"trip_weight":979.772577,"trip_length":9291.414772,"trip_size":49
}
