{
"name":"trip1314","trip_cost":3937055.444203,"trip_weight":908.073603,"trip_length":12057.417431,"trip_size":66
}
