{
"name":"trip775","trip_cost":7260452.678411,"trip_weight":1009.136356,"trip_length":18949.456111,"trip_size":54
}
