{
"name":"trip307","trip_cost":11782669.681937,"trip_weight":1004.872414,"trip_length":28627.573692,"trip_size":66
}
