{
"name":"trip1230","trip_cost":4676274.724375,"trip_weight":973.277786,"trip_length":14073.316058,"trip_size":62
}
