{
"name":"trip515","trip_cost":9541732.501220,"trip_weight":1006.225128,"trip_length":23021.567447,"trip_size":70
}
