{
"name":"trip706","trip_cost":7703972.427077,"trip_weight":981.375265,"trip_length":23004.109720,"trip_size":82
}
