{
"name":"trip959","trip_cost":6034996.796294,"trip_weight":993.050159,"trip_length":17343.283642,"trip_size":69
}
