{
"name":"trip1382","trip_cost":2762354.908374,"trip_weight":660.567642,"trip_length":11882.927036,"trip_size":50
}
