{
"name":"trip1118","trip_cost":5296266.798993,"trip_weight":1009.983439,"trip_length":15781.012945,"trip_size":39
}
