{
"name":"trip1040","trip_cost":5689161.544980,"trip_weight":993.793478,"trip_length":16066.368003,"trip_size":87
}
