{
"name":"trip447","trip_cost":10287872.361337,"trip_weight":1008.847652,"trip_length":26148.954034,"trip_size":62
}
