{
"name":"trip1140","trip_cost":5215346.898448,"trip_weight":993.229663,"trip_length":13842.994243,"trip_size":74
}
