{
"name":"trip592","trip_cost":8634231.050001,"trip_weight":1003.665766,"trip_length":21349.499730,"trip_size":71
}
