{
"name":"trip914","trip_cost":6276007.171671,"trip_weight":1006.224267,"trip_length":17352.992280,"trip_size":65
}
