{
"name":"trip808","trip_cost":7024870.859276,"trip_weight":1007.692902,"trip_length":19574.785526,"trip_size":79
}
