{
"name":"trip890","trip_cost":6473043.564657,"trip_weight":1003.556102,"trip_length":16477.207392,"trip_size":63
}
