{
"name":"trip1096","trip_cost":5390344.566174,"trip_weight":1008.858735,"trip_length":14902.743707,"trip_size":68
}
