{
"name":"trip504","trip_cost":9755765.820027,"trip_weight":1007.749343,"trip_length":27111.112050,"trip_size":76
}
