{
"name":"trip800","trip_cost":7121358.949376,"trip_weight":1006.850176,"trip_length":19218.658982,"trip_size":70
}
