{
"name":"trip380","trip_cost":11012813.757414,"trip_weight":1009.963634,"trip_length":26460.699943,"trip_size":71
}
