{
"name":"trip700","trip_cost":7731946.331496,"trip_weight":992.486558,"trip_length":18644.513537,"trip_size":61
}
