{
"name":"trip1198","trip_cost":4898118.216467,"trip_weight":1005.905080,"trip_length":13774.075182,"trip_size":69
}
