{
"name":"trip1121","trip_cost":5278023.943843,"trip_weight":1002.924078,"trip_length":15513.318416,"trip_size":41
}
