{
"name":"trip125","trip_cost":15164404.521518,"trip_weight":1009.264876,"trip_length":39741.957527,"trip_size":82
}
