{
"name":"trip1029","trip_cost":5724495.673828,"trip_weight":1009.990033,"trip_length":16234.670418,"trip_size":42
}
