{
"name":"trip993","trip_cost":5875110.026141,"trip_weight":1009.953237,"trip_length":17804.570415,"trip_size":75
}
