{
"name":"trip1425","trip_cost":1795556.951920,"trip_weight":624.040415,"trip_length":6676.252012,"trip_size":37
}
