{
"name":"trip778","trip_cost":7253892.215566,"trip_weight":1006.880323,"trip_length":17841.721038,"trip_size":63
}
