{
"name":"trip1108","trip_cost":5333772.240494,"trip_weight":940.894424,"trip_length":19821.503920,"trip_size":66
}
