{
"name":"trip1032","trip_cost":5720341.586583,"trip_weight":1008.249365,"trip_length":16073.438876,"trip_size":67
}
