{
"name":"trip1274","trip_cost":4395682.823129,"trip_weight":948.322826,"trip_length":12711.154692,"trip_size":68
}
