{
"name":"trip336","trip_cost":11454409.756919,"trip_weight":1009.941496,"trip_length":26584.313183,"trip_size":73
}
