{
"name":"trip55","trip_cost":17384550.903229,"trip_weight":1007.848401,"trip_length":40108.865222,"trip_size":57
}
