{
"name":"trip32","trip_cost":18153759.463663,"trip_weight":1009.751079,"trip_length":39380.591742,"trip_size":68
}
