{
"name":"trip1033","trip_cost":5709821.770252,"trip_weight":1008.338843,"trip_length":19440.239375,"trip_size":70
}
