{
"name":"trip1334","trip_cost":3651698.894189,"trip_weight":846.921461,"trip_length":12837.675952,"trip_size":69
}
