{
"name":"trip584","trip_cost":8731839.652626,"trip_weight":1009.563111,"trip_length":21149.862202,"trip_size":78
}
