{
"name":"trip211","trip_cost":13628814.062629,"trip_weight":1001.813942,"trip_length":36820.072405,"trip_size":82
}
