{
"name":"trip431","trip_cost":10419999.209959,"trip_weight":1000.757798,"trip_length":27821.266124,"trip_size":85
}
