{
"name":"trip1221","trip_cost":4728618.679113,"trip_weight":881.146196,"trip_length":15776.442570,"trip_size":55
}
