{
"name":"trip935","trip_cost":6180305.152379,"trip_weight":1002.757329,"trip_length":18025.491619,"trip_size":64
}
