{
"name":"trip235","trip_cost":12993752.256584,"trip_weight":1009.189122,"trip_length":37679.043718,"trip_size":70
}
