{
"name":"trip844","trip_cost":6735394.857309,"trip_weight":1001.499353,"trip_length":20401.449302,"trip_size":77
}
