{
"name":"trip1219","trip_cost":4731195.511243,"trip_weight":948.272792,"trip_length":15259.548543,"trip_size":56
}
