{
"name":"trip1365","trip_cost":3134733.170130,"trip_weight":794.530054,"trip_length":10552.538356,"trip_size":44
}
