{
"name":"trip501","trip_cost":9778797.523895,"trip_weight":1006.583963,"trip_length":23956.654006,"trip_size":72
}
