{
"name":"trip1291","trip_cost":4275368.391804,"trip_weight":988.716571,"trip_length":12403.828161,"trip_size":58
}
