{
"name":"trip1379","trip_cost":2787859.998199,"trip_weight":699.009199,"trip_length":10896.763997,"trip_size":47
}
