{
"name":"trip1190","trip_cost":4939816.654777,"trip_weight":949.111510,"trip_length":14419.340841,"trip_size":69
}
