{
"name":"trip792","trip_cost":7175202.125324,"trip_weight":1007.324237,"trip_length":19664.881868,"trip_size":66
}
