{
"name":"trip1272","trip_cost":4404370.671473,"trip_weight":1008.598260,"trip_length":12057.872387,"trip_size":60
}
