{
"name":"trip1350","trip_cost":3410482.410464,"trip_weight":881.520649,"trip_length":11976.411069,"trip_size":71
}
