{
"name":"trip1203","trip_cost":4851978.497431,"trip_weight":947.889221,"trip_length":14263.317958,"trip_size":58
}
