{
"name":"trip816","trip_cost":6944341.368831,"trip_weight":998.688219,"trip_length":24870.649857,"trip_size":70
}
