{
"name":"trip199","trip_cost":13861377.915648,"trip_weight":1009.786386,"trip_length":38578.148998,"trip_size":84
}
