{
"name":"trip1110","trip_cost":5331701.647887,"trip_weight":969.862403,"trip_length":14466.811142,"trip_size":64
}
