{
"name":"trip1288","trip_cost":4307208.864102,"trip_weight":1008.668532,"trip_length":11948.029500,"trip_size":51
}
