{
"name":"trip1048","trip_cost":5653242.931732,"trip_weight":987.956589,"trip_length":15706.081585,"trip_size":61
}
