{
"name":"trip781","trip_cost":7218506.699646,"trip_weight":1007.255676,"trip_length":20397.163369,"trip_size":81
}
