{
"name":"trip623","trip_cost":8306384.979138,"trip_weight":998.092922,"trip_length":25813.421001,"trip_size":75
}
