{
"name":"trip168","trip_cost":14277792.637829,"trip_weight":1009.728913,"trip_length":38566.686399,"trip_size":76
}
