{
"name":"trip710","trip_cost":7657532.602885,"trip_weight":1006.210436,"trip_length":20332.520603,"trip_size":86
}
