{
"name":"trip205","trip_cost":13734842.305543,"trip_weight":999.161024,"trip_length":36980.077198,"trip_size":63
}
