{
"name":"trip1374","trip_cost":2871386.025615,"trip_weight":730.934012,"trip_length":10850.245570,"trip_size":59
}
