{
"name":"trip1119","trip_cost":5287188.390472,"trip_weight":959.190542,"trip_length":14181.358243,"trip_size":64
}
