{
"name":"trip995","trip_cost":5870341.757417,"trip_weight":1002.834123,"trip_length":17944.940129,"trip_size":64
}
