{
"name":"trip36","trip_cost":18008890.499195,"trip_weight":1009.315678,"trip_length":39416.506140,"trip_size":83
}
