{
"name":"trip427","trip_cost":10436960.004196,"trip_weight":995.473600,"trip_length":24810.661968,"trip_size":60
}
