{
"name":"trip1440","trip_cost":1449703.728951,"trip_weight":485.526880,"trip_length":6770.058127,"trip_size":30
}
