{
"name":"trip1177","trip_cost":5026907.670374,"trip_weight":973.485057,"trip_length":14329.835379,"trip_size":51
}
