{
"name":"trip1225","trip_cost":4707725.556355,"trip_weight":934.880777,"trip_length":13841.293050,"trip_size":43
}
