{
"name":"trip665","trip_cost":7945302.209198,"trip_weight":1006.318036,"trip_length":22487.406553,"trip_size":71
}
