{
"name":"trip1407","trip_cost":2233458.014954,"trip_weight":616.054335,"trip_length":9013.151836,"trip_size":35
}
