{
"name":"trip620","trip_cost":8322584.637963,"trip_weight":1002.266459,"trip_length":22231.174470,"trip_size":60
}
