{
"name":"trip1059","trip_cost":5608707.862183,"trip_weight":1006.050452,"trip_length":15015.518503,"trip_size":74
}
