{
"name":"trip885","trip_cost":6502991.037945,"trip_weight":1003.377973,"trip_length":20912.758597,"trip_size":57
}
