{
"name":"trip1364","trip_cost":3149691.850127,"trip_weight":814.013937,"trip_length":12126.417532,"trip_size":52
}
