{
"name":"trip922","trip_cost":6240960.546710,"trip_weight":1002.206272,"trip_length":16387.430126,"trip_size":69
}
