{
"name":"trip50","trip_cost":17577956.926133,"trip_weight":1009.669189,"trip_length":39048.765036,"trip_size":72
}
