{
"name":"trip481","trip_cost":9992010.399027,"trip_weight":1009.368041,"trip_length":24967.270885,"trip_size":83
}
