{
"name":"trip1316","trip_cost":3912661.428101,"trip_weight":688.828366,"trip_length":14533.648768,"trip_size":50
}
