{
"name":"trip7","trip_cost":19407690.380399,"trip_weight":1009.998267,"trip_length":40033.801588,"trip_size":64
}
