{
"name":"trip951","trip_cost":6077310.008919,"trip_weight":1006.253805,"trip_length":15693.753970,"trip_size":61
}
