{
"name":"trip126","trip_cost":15162049.767770,"trip_weight":1009.949257,"trip_length":38210.592423,"trip_size":80
}
