{
"name":"trip175","trip_cost":14123992.772262,"trip_weight":1009.359649,"trip_length":36594.508906,"trip_size":78
}
