{
"name":"trip191","trip_cost":13972855.636559,"trip_weight":1000.485508,"trip_length":38687.356689,"trip_size":83
}
