{
"name":"trip931","trip_cost":6198497.289532,"trip_weight":1009.720475,"trip_length":16949.913682,"trip_size":54
}
