{
"name":"trip1387","trip_cost":2594386.757235,"trip_weight":771.097428,"trip_length":8337.273942,"trip_size":47
}
