{
"name":"trip787","trip_cost":7178970.396777,"trip_weight":1008.160587,"trip_length":18838.749597,"trip_size":52
}
