{
"name":"trip680","trip_cost":7863417.409993,"trip_weight":1009.076875,"trip_length":21250.679553,"trip_size":66
}
