{
"name":"trip1313","trip_cost":3944107.843513,"trip_weight":1003.238195,"trip_length":11571.043590,"trip_size":45
}
