{
"name":"trip1007","trip_cost":5822469.843721,"trip_weight":816.608994,"trip_length":17952.316011,"trip_size":59
}
