{
"name":"trip275","trip_cost":12206075.461680,"trip_weight":1007.469873,"trip_length":28523.638795,"trip_size":66
}
