{
"name":"trip1124","trip_cost":5272531.252922,"trip_weight":1006.260209,"trip_length":15810.412569,"trip_size":57
}
