{
"name":"trip1325","trip_cost":3764092.325618,"trip_weight":963.111054,"trip_length":12375.657866,"trip_size":57
}
