{
"name":"trip891","trip_cost":6470135.140287,"trip_weight":1000.867444,"trip_length":16958.814860,"trip_size":60
}
