{
"name":"trip68","trip_cost":17083549.306907,"trip_weight":1009.671964,"trip_length":38363.622504,"trip_size":75
}
