{
"name":"trip26","trip_cost":18531960.546929,"trip_weight":1009.920658,"trip_length":39742.045103,"trip_size":75
}
