{
"name":"trip1176","trip_cost":5028933.188491,"trip_weight":976.929378,"trip_length":15719.384977,"trip_size":80
}
