{
"name":"trip659","trip_cost":7965794.402847,"trip_weight":1008.355621,"trip_length":20695.859265,"trip_size":72
}
