{
"name":"trip631","trip_cost":8117916.166318,"trip_weight":1008.858625,"trip_length":19925.205879,"trip_size":69
}
