{
"name":"trip456","trip_cost":10207642.309208,"trip_weight":1009.638711,"trip_length":26458.078964,"trip_size":77
}
