{
"name":"trip279","trip_cost":12130613.028693,"trip_weight":1009.895362,"trip_length":26778.464446,"trip_size":70
}
