{
"name":"trip1065","trip_cost":5563027.533614,"trip_weight":917.234051,"trip_length":15381.208489,"trip_size":68
}
