{
"name":"trip13","trip_cost":18972881.361648,"trip_weight":1009.350862,"trip_length":39984.395192,"trip_size":76
}
