{
"name":"trip1145","trip_cost":5197229.375759,"trip_weight":977.184476,"trip_length":13872.044444,"trip_size":54
}
