{
"name":"trip255","trip_cost":12570326.957538,"trip_weight":1009.957408,"trip_length":29510.675468,"trip_size":75
}
