{
"name":"trip984","trip_cost":5908498.114450,"trip_weight":1006.997558,"trip_length":20172.654833,"trip_size":63
}
