{
"name":"trip1309","trip_cost":3982395.516000,"trip_weight":934.347375,"trip_length":12458.790770,"trip_size":55
}
