{
"name":"trip181","trip_cost":14043319.304925,"trip_weight":1009.710479,"trip_length":37560.919441,"trip_size":88
}
