{
"name":"trip392","trip_cost":10925393.690577,"trip_weight":1007.414287,"trip_length":36684.318866,"trip_size":90
}
