{
"name":"trip1049","trip_cost":5651149.751609,"trip_weight":962.105057,"trip_length":22768.521048,"trip_size":67
}
