{
"name":"trip788","trip_cost":7178701.237703,"trip_weight":999.756833,"trip_length":21899.121759,"trip_size":70
}
