{
"name":"trip420","trip_cost":10577669.208190,"trip_weight":1004.542152,"trip_length":26242.822078,"trip_size":66
}
