{
"name":"trip852","trip_cost":6680440.385417,"trip_weight":933.715525,"trip_length":23751.478776,"trip_size":74
}
