{
"name":"trip170","trip_cost":14241355.006865,"trip_weight":1009.772072,"trip_length":36973.244391,"trip_size":83
}
