{
"name":"trip738","trip_cost":7467758.006087,"trip_weight":1008.352574,"trip_length":18682.224652,"trip_size":62
}
