{
"name":"trip247","trip_cost":12820611.873613,"trip_weight":1009.165069,"trip_length":36923.032193,"trip_size":84
}
