{
"name":"trip446","trip_cost":10294661.303932,"trip_weight":1008.583883,"trip_length":38320.793710,"trip_size":87
}
