{
"name":"trip876","trip_cost":6539490.845672,"trip_weight":1009.154423,"trip_length":16386.037825,"trip_size":60
}
