{
"name":"trip1227","trip_cost":4700837.382882,"trip_weight":965.973956,"trip_length":13893.094136,"trip_size":64
}
