{
"name":"trip1016","trip_cost":5798091.898558,"trip_weight":1007.645142,"trip_length":14686.656932,"trip_size":69
}
