{
"name":"trip259","trip_cost":12543781.127947,"trip_weight":1009.666674,"trip_length":37371.754664,"trip_size":76
}
