{
"name":"trip326","trip_cost":11620311.536188,"trip_weight":1007.903890,"trip_length":28352.233765,"trip_size":72
}
