{
"name":"trip610","trip_cost":8500752.889825,"trip_weight":957.324010,"trip_length":39050.201002,"trip_size":77
}
