{
"name":"trip1343","trip_cost":3508368.227093,"trip_weight":816.223123,"trip_length":11649.317121,"trip_size":39
}
