{
"name":"trip469","trip_cost":10074375.317526,"trip_weight":1009.514589,"trip_length":26809.300563,"trip_size":97
}
