{
"name":"trip757","trip_cost":7368371.275820,"trip_weight":1009.088633,"trip_length":18453.483738,"trip_size":72
}
