{
"name":"trip721","trip_cost":7603921.912885,"trip_weight":1006.196349,"trip_length":19016.652966,"trip_size":68
}
