{
"name":"trip393","trip_cost":10912852.938758,"trip_weight":1009.968531,"trip_length":26467.482370,"trip_size":83
}
