{
"name":"trip410","trip_cost":10711824.382339,"trip_weight":1009.947942,"trip_length":27520.917416,"trip_size":77
}
