{
"name":"trip333","trip_cost":11486433.615110,"trip_weight":1009.996702,"trip_length":37509.569243,"trip_size":98
}
