{
"name":"trip432","trip_cost":10416901.082429,"trip_weight":1003.771018,"trip_length":27967.193914,"trip_size":75
}
