{
"name":"trip337","trip_cost":11441707.465121,"trip_weight":1005.557848,"trip_length":27483.021155,"trip_size":93
}
