{
"name":"trip724","trip_cost":7585092.613017,"trip_weight":998.354267,"trip_length":18902.127546,"trip_size":82
}
