{
"name":"trip411","trip_cost":10692327.348409,"trip_weight":1009.742183,"trip_length":25541.949441,"trip_size":86
}
