{
"name":"trip1338","trip_cost":3599196.012671,"trip_weight":942.699957,"trip_length":11093.516129,"trip_size":51
}
