{
"name":"trip460","trip_cost":10171403.964712,"trip_weight":1004.631647,"trip_length":26260.857271,"trip_size":60
}
