{
"name":"trip1446","trip_cost":1399630.540908,"trip_weight":468.991118,"trip_length":6825.654514,"trip_size":26
}
