{
"name":"trip267","trip_cost":12323134.199692,"trip_weight":1009.944792,"trip_length":28486.383634,"trip_size":76
}
