{
"name":"trip1009","trip_cost":5818845.064441,"trip_weight":1000.280169,"trip_length":21120.437639,"trip_size":57
}
