{
"name":"trip110","trip_cost":15654568.757433,"trip_weight":1009.136810,"trip_length":38531.670381,"trip_size":83
}
