{
"name":"trip386","trip_cost":10955709.881243,"trip_weight":1005.112536,"trip_length":25812.049396,"trip_size":58
}
