{
"name":"trip811","trip_cost":6996852.874900,"trip_weight":984.331772,"trip_length":18364.055004,"trip_size":65
}
