{
"name":"trip224","trip_cost":13330488.543613,"trip_weight":1007.692043,"trip_length":38069.981075,"trip_size":81
}
