{
"name":"trip1199","trip_cost":4885690.047570,"trip_weight":1000.441776,"trip_length":13789.246852,"trip_size":73
}
