{
"name":"trip1139","trip_cost":5219353.593926,"trip_weight":991.789085,"trip_length":14977.489521,"trip_size":67
}
