{
"name":"trip739","trip_cost":7463721.219796,"trip_weight":996.082096,"trip_length":18637.240208,"trip_size":70
}
