{
"name":"trip253","trip_cost":12622299.768986,"trip_weight":1008.778143,"trip_length":30259.571769,"trip_size":79
}
