{
"name":"trip814","trip_cost":6975163.833745,"trip_weight":992.437333,"trip_length":17671.235909,"trip_size":69
}
