{
"name":"trip1068","trip_cost":5536306.020367,"trip_weight":1007.288148,"trip_length":14970.894679,"trip_size":45
}
