{
"name":"trip112","trip_cost":15595777.358367,"trip_weight":1009.703826,"trip_length":38955.430636,"trip_size":86
}
