{
"name":"trip304","trip_cost":11837828.734284,"trip_weight":1009.359501,"trip_length":38700.340569,"trip_size":87
}
