{
"name":"trip1339","trip_cost":3564094.736005,"trip_weight":944.454798,"trip_length":11386.914826,"trip_size":54
}
