{
"name":"trip12","trip_cost":19094951.143927,"trip_weight":1009.725837,"trip_length":40071.600462,"trip_size":74
}
