{
"name":"trip1409","trip_cost":2212253.119339,"trip_weight":645.626263,"trip_length":8341.523458,"trip_size":40
}
