{
"name":"trip1064","trip_cost":5565884.260191,"trip_weight":999.394014,"trip_length":15095.092165,"trip_size":68
}
