{
"name":"trip18","trip_cost":18837778.777276,"trip_weight":1009.878529,"trip_length":39770.695802,"trip_size":85
}
