{
"name":"trip895","trip_cost":6440236.062279,"trip_weight":1006.666478,"trip_length":16282.887842,"trip_size":64
}
