{
"name":"trip1315","trip_cost":3914269.856900,"trip_weight":993.691824,"trip_length":10915.075413,"trip_size":68
}
