{
"name":"trip319","trip_cost":11652460.841252,"trip_weight":1009.583305,"trip_length":27314.519713,"trip_size":83
}
