{
"name":"trip251","trip_cost":12693488.261316,"trip_weight":1009.197386,"trip_length":36620.114040,"trip_size":87
}
