{
"name":"trip647","trip_cost":8020767.799038,"trip_weight":1008.780867,"trip_length":21087.133373,"trip_size":80
}
