{
"name":"trip1175","trip_cost":5029974.030702,"trip_weight":1004.837408,"trip_length":13514.449666,"trip_size":61
}
