{
"name":"trip897","trip_cost":6428690.314886,"trip_weight":962.231549,"trip_length":17937.554770,"trip_size":74
}
