{
"name":"trip1391","trip_cost":2548535.347158,"trip_weight":789.267419,"trip_length":8286.309851,"trip_size":45
}
