{
"name":"trip622","trip_cost":8311508.440232,"trip_weight":997.691232,"trip_length":22350.776940,"trip_size":93
}
