{
"name":"trip789","trip_cost":7176437.349046,"trip_weight":1008.439233,"trip_length":17474.373260,"trip_size":66
}
