{
"name":"trip135","trip_cost":14925315.351045,"trip_weight":1008.604751,"trip_length":39666.194831,"trip_size":85
}
