{
"name":"trip84","trip_cost":16579637.907705,"trip_weight":1009.626850,"trip_length":38091.535374,"trip_size":65
}
