{
"name":"trip1105","trip_cost":5345802.973128,"trip_weight":1001.202419,"trip_length":14760.275751,"trip_size":76
}
