{
"name":"trip399","trip_cost":10830623.398848,"trip_weight":1008.383554,"trip_length":26180.200200,"trip_size":77
}
