{
"name":"trip305","trip_cost":11837562.246952,"trip_weight":1005.602610,"trip_length":27441.698782,"trip_size":63
}
