{
"name":"trip1437","trip_cost":1500780.109519,"trip_weight":532.583573,"trip_length":6442.724101,"trip_size":31
}
