{
"name":"trip1086","trip_cost":5424077.988357,"trip_weight":1009.755852,"trip_length":15117.398743,"trip_size":65
}
