{
"name":"trip429","trip_cost":10423690.003196,"trip_weight":1006.831787,"trip_length":27533.522891,"trip_size":66
}
