{
"name":"trip384","trip_cost":10960829.514477,"trip_weight":989.939134,"trip_length":26648.035660,"trip_size":71
}
