{
"name":"trip412","trip_cost":10673003.483846,"trip_weight":1007.514651,"trip_length":24674.036084,"trip_size":71
}
