{
"name":"trip413","trip_cost":10647947.822234,"trip_weight":1009.818205,"trip_length":25643.595992,"trip_size":76
}
