{
"name":"trip1385","trip_cost":2720831.616904,"trip_weight":905.696347,"trip_length":8770.844991,"trip_size":46
}
