{
"name":"trip900","trip_cost":6421405.642080,"trip_weight":1004.497401,"trip_length":20773.823313,"trip_size":64
}
