{
"name":"trip1290","trip_cost":4282625.942990,"trip_weight":707.820006,"trip_length":17319.324099,"trip_size":69
}
