{
"name":"trip534","trip_cost":9378666.005061,"trip_weight":1007.003837,"trip_length":22388.069480,"trip_size":74
}
