{
"name":"trip78","trip_cost":16690497.141715,"trip_weight":1007.811194,"trip_length":39984.701912,"trip_size":66
}
