{
"name":"trip544","trip_cost":9234198.052922,"trip_weight":1008.736885,"trip_length":23253.654306,"trip_size":83
}
