{
"name":"trip445","trip_cost":10308146.226815,"trip_weight":1007.920405,"trip_length":24132.458336,"trip_size":81
}
