{
"name":"trip52","trip_cost":17443653.495987,"trip_weight":1009.236954,"trip_length":39576.224870,"trip_size":69
}
