{
"name":"trip594","trip_cost":8606387.817002,"trip_weight":1006.749445,"trip_length":26746.353187,"trip_size":64
}
