{
"name":"trip464","trip_cost":10119918.875796,"trip_weight":1006.641131,"trip_length":26241.606269,"trip_size":76
}
