{
"name":"trip1400","trip_cost":2400578.920562,"trip_weight":648.872405,"trip_length":9387.853196,"trip_size":43
}
