{
"name":"trip39","trip_cost":17975504.496981,"trip_weight":1009.807416,"trip_length":39981.150670,"trip_size":73
}
