{
"name":"trip198","trip_cost":13884593.095491,"trip_weight":1009.223811,"trip_length":39119.349573,"trip_size":71
}
