{
"name":"trip793","trip_cost":7170648.373445,"trip_weight":1006.581275,"trip_length":19247.274581,"trip_size":73
}
