{
"name":"trip979","trip_cost":5923457.994373,"trip_weight":1008.297546,"trip_length":15226.911874,"trip_size":67
}
