{
"name":"trip4","trip_cost":19579868.941302,"trip_weight":1009.827213,"trip_length":40046.954364,"trip_size":75
}
