{
"name":"trip646","trip_cost":8022065.119757,"trip_weight":1004.284587,"trip_length":18444.472908,"trip_size":56
}
