{
"name":"trip1347","trip_cost":3470544.962196,"trip_weight":873.311025,"trip_length":12866.574792,"trip_size":61
}
