{
"name":"trip1076","trip_cost":5509535.432397,"trip_weight":1003.698337,"trip_length":16107.044159,"trip_size":46
}
