{
"name":"trip1173","trip_cost":5052892.270329,"trip_weight":1009.456876,"trip_length":13232.470811,"trip_size":61
}
