{
"name":"trip266","trip_cost":12334218.077178,"trip_weight":1009.561414,"trip_length":29096.893116,"trip_size":77
}
