{
"name":"trip661","trip_cost":7961236.204117,"trip_weight":1009.728796,"trip_length":19992.961533,"trip_size":67
}
