{
"name":"trip909","trip_cost":6333909.286762,"trip_weight":977.050046,"trip_length":21241.034343,"trip_size":60
}
