{
"name":"trip1369","trip_cost":3043883.686385,"trip_weight":789.872284,"trip_length":11103.780911,"trip_size":49
}
