{
"name":"trip713","trip_cost":7642614.928672,"trip_weight":1009.872221,"trip_length":19273.638001,"trip_size":59
}
