{
"name":"trip1006","trip_cost":5832622.683395,"trip_weight":959.769367,"trip_length":22792.408205,"trip_size":69
}
