{
"name":"trip132","trip_cost":15016808.833110,"trip_weight":1009.949898,"trip_length":37908.342062,"trip_size":76
}
