{
"name":"trip1193","trip_cost":4932057.581708,"trip_weight":1009.550850,"trip_length":13248.694704,"trip_size":51
}
