{
"name":"trip1264","trip_cost":4462588.767102,"trip_weight":695.837207,"trip_length":14695.689158,"trip_size":49
}
