{
"name":"trip599","trip_cost":8570710.424636,"trip_weight":1008.021363,"trip_length":22602.431506,"trip_size":73
}
