{
"name":"trip1101","trip_cost":5357805.662688,"trip_weight":1007.650544,"trip_length":14392.711814,"trip_size":69
}
