{
"name":"trip697","trip_cost":7750259.703599,"trip_weight":991.406847,"trip_length":20907.783162,"trip_size":71
}
