{
"name":"trip256","trip_cost":12557588.235835,"trip_weight":1009.794120,"trip_length":37095.220970,"trip_size":80
}
