{
"name":"trip178","trip_cost":14095556.010098,"trip_weight":1007.147908,"trip_length":38145.678249,"trip_size":71
}
