{
"name":"trip1127","trip_cost":5251212.353168,"trip_weight":983.178473,"trip_length":15374.397876,"trip_size":49
}
