{
"name":"trip1195","trip_cost":4911368.745284,"trip_weight":950.192027,"trip_length":15256.009694,"trip_size":66
}
