{
"name":"trip230","trip_cost":13191095.819822,"trip_weight":1009.822198,"trip_length":38009.147810,"trip_size":76
}
