{
"name":"trip269","trip_cost":12310644.157949,"trip_weight":1009.057171,"trip_length":27922.183453,"trip_size":75
}
