{
"name":"trip355","trip_cost":11223888.627086,"trip_weight":1007.215454,"trip_length":36845.737951,"trip_size":91
}
