{
"name":"trip1376","trip_cost":2842357.960831,"trip_weight":749.777373,"trip_length":9976.379288,"trip_size":55
}
