{
"name":"trip1467","trip_cost":1080113.154902,"trip_weight":387.831640,"trip_length":6399.344054,"trip_size":37
}
