{
"name":"trip174","trip_cost":14206544.773322,"trip_weight":1008.062655,"trip_length":38766.323229,"trip_size":82
}
