{
"name":"trip531","trip_cost":9398820.672394,"trip_weight":964.289844,"trip_length":25231.121524,"trip_size":63
}
