{
"name":"trip842","trip_cost":6744442.949795,"trip_weight":1009.463271,"trip_length":17581.867938,"trip_size":63
}
