{
"name":"trip639","trip_cost":8076353.717439,"trip_weight":1008.013119,"trip_length":22804.306695,"trip_size":62
}
