{
"name":"trip1223","trip_cost":4715853.903292,"trip_weight":842.861612,"trip_length":15618.910205,"trip_size":55
}
