{
"name":"trip500","trip_cost":9789580.320433,"trip_weight":981.082489,"trip_length":27807.208442,"trip_size":52
}
