{
"name":"trip749","trip_cost":7405048.731581,"trip_weight":1007.659262,"trip_length":18729.423159,"trip_size":54
}
