{
"name":"trip1461","trip_cost":1161285.539464,"trip_weight":432.148962,"trip_length":6162.884583,"trip_size":36
}
