{
"name":"trip1238","trip_cost":4617312.616290,"trip_weight":1002.062576,"trip_length":14025.050465,"trip_size":64
}
