{
"name":"trip486","trip_cost":9928400.170177,"trip_weight":1003.624346,"trip_length":27462.656316,"trip_size":70
}
