{
"name":"trip421","trip_cost":10562880.079196,"trip_weight":1009.962723,"trip_length":24380.237997,"trip_size":82
}
