{
"name":"trip1069","trip_cost":5525334.006304,"trip_weight":1007.400921,"trip_length":14794.605954,"trip_size":78
}
