{
"name":"trip1052","trip_cost":5649169.832755,"trip_weight":949.902407,"trip_length":16843.661220,"trip_size":63
}
