{
"name":"trip870","trip_cost":6557260.175190,"trip_weight":1009.868380,"trip_length":18476.248247,"trip_size":76
}
