{
"name":"trip1109","trip_cost":5332992.139767,"trip_weight":1009.826613,"trip_length":14218.569186,"trip_size":49
}
