{
"name":"trip186","trip_cost":14014987.072019,"trip_weight":1005.860733,"trip_length":35832.287912,"trip_size":76
}
