{
"name":"trip1224","trip_cost":4708027.452068,"trip_weight":992.950141,"trip_length":12846.777772,"trip_size":56
}
