{
"name":"trip1279","trip_cost":4373161.696234,"trip_weight":939.775222,"trip_length":13829.607217,"trip_size":74
}
