{
"name":"trip156","trip_cost":14486129.542150,"trip_weight":996.132841,"trip_length":38045.322010,"trip_size":71
}
