{
"name":"trip563","trip_cost":9012885.778530,"trip_weight":1008.869862,"trip_length":24936.293322,"trip_size":67
}
