{
"name":"trip776","trip_cost":7259925.351955,"trip_weight":1007.260347,"trip_length":24383.332541,"trip_size":70
}
