{
"name":"trip784","trip_cost":7185571.009181,"trip_weight":990.403955,"trip_length":18668.589333,"trip_size":77
}
