{
"name":"trip143","trip_cost":14733887.177583,"trip_weight":1008.758407,"trip_length":37397.866318,"trip_size":79
}
