{
"name":"trip949","trip_cost":6088800.903895,"trip_weight":1007.587581,"trip_length":16359.320375,"trip_size":63
}
