{
"name":"trip609","trip_cost":8508175.425233,"trip_weight":1002.093426,"trip_length":22988.726970,"trip_size":56
}
