{
"name":"trip650","trip_cost":8006469.155941,"trip_weight":957.465630,"trip_length":23429.307269,"trip_size":63
}
