{
"name":"trip82","trip_cost":16610749.840817,"trip_weight":1009.011198,"trip_length":38422.565872,"trip_size":91
}
