{
"name":"trip1294","trip_cost":4234321.945317,"trip_weight":947.962901,"trip_length":12785.978936,"trip_size":66
}
