{
"name":"trip409","trip_cost":10728867.443479,"trip_weight":1004.314056,"trip_length":27244.492595,"trip_size":82
}
