{
"name":"trip120","trip_cost":15360620.686586,"trip_weight":1008.756241,"trip_length":38317.163113,"trip_size":88
}
