{
"name":"trip1060","trip_cost":5599254.836169,"trip_weight":997.023125,"trip_length":15299.382843,"trip_size":72
}
