{
"name":"trip603","trip_cost":8545196.380916,"trip_weight":1007.920123,"trip_length":20925.944688,"trip_size":67
}
