{
"name":"trip509","trip_cost":9617384.296040,"trip_weight":1002.195588,"trip_length":23595.096537,"trip_size":60
}
