{
"name":"trip164","trip_cost":14323789.127109,"trip_weight":1003.331918,"trip_length":38939.616047,"trip_size":68
}
