{
"name":"trip356","trip_cost":11217336.226883,"trip_weight":1008.128002,"trip_length":25715.431387,"trip_size":73
}
