{
"name":"trip567","trip_cost":8976693.042841,"trip_weight":1004.251600,"trip_length":23747.333488,"trip_size":87
}
