{
"name":"trip1406","trip_cost":2244600.247423,"trip_weight":572.005065,"trip_length":10498.415395,"trip_size":57
}
