{
"name":"trip1183","trip_cost":4989904.362281,"trip_weight":822.980579,"trip_length":16878.585399,"trip_size":77
}
