{
"name":"trip187","trip_cost":14014360.298143,"trip_weight":1009.758622,"trip_length":37913.432045,"trip_size":85
}
