{
"name":"trip1043","trip_cost":5671131.815390,"trip_weight":1009.549284,"trip_length":15962.192260,"trip_size":73
}
