{
"name":"trip936","trip_cost":6176588.342087,"trip_weight":1009.951013,"trip_length":15350.386083,"trip_size":61
}
