{
"name":"trip1481","trip_cost":790144.384185,"trip_weight":277.303533,"trip_length":6070.309214,"trip_size":28
}
