{
"name":"trip960","trip_cost":6023292.036051,"trip_weight":997.053909,"trip_length":16240.897635,"trip_size":65
}
