{
"name":"trip899","trip_cost":6422332.469011,"trip_weight":1000.029860,"trip_length":17159.842961,"trip_size":68
}
