{
"name":"trip782","trip_cost":7216577.332088,"trip_weight":1008.128190,"trip_length":20119.992467,"trip_size":76
}
