{
"name":"trip482","trip_cost":9991211.840720,"trip_weight":1006.111498,"trip_length":27687.528053,"trip_size":67
}
