{
"name":"trip777","trip_cost":7254008.506655,"trip_weight":1002.828847,"trip_length":19419.997489,"trip_size":65
}
