{
"name":"trip1417","trip_cost":1994500.126757,"trip_weight":586.158395,"trip_length":9305.572101,"trip_size":49
}
