{
"name":"trip341","trip_cost":11382716.485874,"trip_weight":1009.565853,"trip_length":26844.121824,"trip_size":70
}
