{
"name":"trip1002","trip_cost":5851194.170010,"trip_weight":1008.267262,"trip_length":16139.811143,"trip_size":72
}
