{
"name":"trip905","trip_cost":6353261.800776,"trip_weight":1008.523814,"trip_length":15656.048902,"trip_size":63
}
