{
"name":"trip1116","trip_cost":5302053.573264,"trip_weight":1004.627121,"trip_length":14854.750286,"trip_size":52
}
