{
"name":"trip294","trip_cost":11959320.871887,"trip_weight":1009.554459,"trip_length":27414.115600,"trip_size":72
}
