{
"name":"trip96","trip_cost":16163983.556126,"trip_weight":1009.080666,"trip_length":39350.520821,"trip_size":82
}
