{
"name":"trip347","trip_cost":11342230.530591,"trip_weight":1009.822112,"trip_length":27595.083224,"trip_size":85
}
