{
"name":"trip1483","trip_cost":769590.657079,"trip_weight":275.791660,"trip_length":6091.890776,"trip_size":34
}
