{
"name":"trip831","trip_cost":6838616.323362,"trip_weight":997.791318,"trip_length":17933.550789,"trip_size":54
}
