{
"name":"trip669","trip_cost":7925861.711281,"trip_weight":1008.360824,"trip_length":18676.701234,"trip_size":56
}
