{
"name":"trip1252","trip_cost":4528882.864645,"trip_weight":951.870783,"trip_length":12514.462749,"trip_size":57
}
