{
"name":"trip368","trip_cost":11106057.338257,"trip_weight":1009.981426,"trip_length":25304.553176,"trip_size":77
}
