{
"name":"trip690","trip_cost":7781103.347628,"trip_weight":1009.616862,"trip_length":20556.392777,"trip_size":85
}
