{
"name":"trip35","trip_cost":18033620.761221,"trip_weight":1009.776360,"trip_length":40071.746093,"trip_size":48
}
