{
"name":"trip452","trip_cost":10238443.926148,"trip_weight":935.191260,"trip_length":38973.035821,"trip_size":70
}
