{
"name":"trip679","trip_cost":7869628.027146,"trip_weight":1000.808360,"trip_length":18701.394144,"trip_size":73
}
