{
"name":"trip651","trip_cost":8002549.807305,"trip_weight":1009.795837,"trip_length":26090.748849,"trip_size":88
}
