{
"name":"trip942","trip_cost":6138229.719535,"trip_weight":1002.336024,"trip_length":15315.853333,"trip_size":63
}
