{
"name":"trip1204","trip_cost":4843319.081426,"trip_weight":989.350771,"trip_length":13447.148660,"trip_size":71
}
