{
"name":"trip1482","trip_cost":789787.708203,"trip_weight":297.686244,"trip_length":5802.113518,"trip_size":30
}
