{
"name":"trip732","trip_cost":7489961.065938,"trip_weight":998.086489,"trip_length":18248.090340,"trip_size":59
}
