{
"name":"trip345","trip_cost":11352720.791474,"trip_weight":1005.887355,"trip_length":31444.348414,"trip_size":77
}
