{
"name":"trip415","trip_cost":10619219.690693,"trip_weight":1007.661521,"trip_length":24444.626787,"trip_size":70
}
