{
"name":"trip1341","trip_cost":3531920.129640,"trip_weight":853.704211,"trip_length":10629.275584,"trip_size":37
}
