{
"name":"trip1372","trip_cost":3009447.680911,"trip_weight":879.977805,"trip_length":9610.028058,"trip_size":30
}
