{
"name":"trip1473","trip_cost":1028757.408888,"trip_weight":336.580721,"trip_length":6935.421865,"trip_size":22
}
