{
"name":"trip596","trip_cost":8590771.554064,"trip_weight":1009.909447,"trip_length":22119.626650,"trip_size":62
}
