{
"name":"trip575","trip_cost":8819289.666891,"trip_weight":1009.440892,"trip_length":22263.050770,"trip_size":68
}
