{
"name":"trip950","trip_cost":6081692.625433,"trip_weight":1007.105509,"trip_length":16670.967549,"trip_size":70
}
