{
"name":"trip503","trip_cost":9764161.971951,"trip_weight":1008.362073,"trip_length":24428.718388,"trip_size":85
}
