{
"name":"trip1089","trip_cost":5415514.621396,"trip_weight":1009.783585,"trip_length":14380.754760,"trip_size":81
}
