{
"name":"trip1381","trip_cost":2783077.098478,"trip_weight":774.313907,"trip_length":11407.070097,"trip_size":70
}
