{
"name":"trip496","trip_cost":9839621.734403,"trip_weight":998.761971,"trip_length":27206.141486,"trip_size":77
}
