{
"name":"trip856","trip_cost":6648376.578231,"trip_weight":1007.345580,"trip_length":18615.546701,"trip_size":74
}
