{
"name":"trip1062","trip_cost":5581635.673856,"trip_weight":1002.868888,"trip_length":14202.307100,"trip_size":67
}
