{
"name":"trip121","trip_cost":15331928.491377,"trip_weight":1009.351748,"trip_length":38205.969635,"trip_size":80
}
