{
"name":"trip146","trip_cost":14688715.020785,"trip_weight":1009.801362,"trip_length":37874.707545,"trip_size":83
}
