{
"name":"trip86","trip_cost":16512290.466035,"trip_weight":1009.165672,"trip_length":39843.367614,"trip_size":79
}
