{
"name":"trip324","trip_cost":11630026.775776,"trip_weight":977.155755,"trip_length":38160.445932,"trip_size":73
}
