{
"name":"trip209","trip_cost":13663429.515177,"trip_weight":1008.040270,"trip_length":36152.189248,"trip_size":88
}
