{
"name":"trip571","trip_cost":8930915.225704,"trip_weight":1004.571263,"trip_length":25903.243505,"trip_size":70
}
