{
"name":"trip1357","trip_cost":3309681.883827,"trip_weight":528.731124,"trip_length":15490.652522,"trip_size":61
}
