{
"name":"trip117","trip_cost":15491063.247724,"trip_weight":975.406631,"trip_length":39464.718320,"trip_size":67
}
