{
"name":"trip847","trip_cost":6701496.696968,"trip_weight":1005.987044,"trip_length":19206.724486,"trip_size":78
}
