{
"name":"trip239","trip_cost":12897553.971275,"trip_weight":1009.700302,"trip_length":38914.808938,"trip_size":83
}
