{
"name":"trip1439","trip_cost":1478376.240868,"trip_weight":656.612936,"trip_length":6108.664480,"trip_size":45
}
