{
"name":"trip1346","trip_cost":3480948.393928,"trip_weight":918.214236,"trip_length":10562.935594,"trip_size":51
}
