{
"name":"trip583","trip_cost":8736082.282454,"trip_weight":1009.289354,"trip_length":26294.278059,"trip_size":74
}
