{
"name":"trip1297","trip_cost":4201570.736234,"trip_weight":915.524469,"trip_length":13412.124618,"trip_size":65
}
