{
"name":"trip1097","trip_cost":5385729.922735,"trip_weight":1005.712276,"trip_length":15487.125324,"trip_size":76
}
