{
"name":"trip1453","trip_cost":1275299.784785,"trip_weight":427.629765,"trip_length":6685.556817,"trip_size":31
}
