{
"name":"trip1330","trip_cost":3707704.714348,"trip_weight":931.113221,"trip_length":11238.152252,"trip_size":55
}
