{
"name":"trip142","trip_cost":14736955.217594,"trip_weight":1009.557607,"trip_length":39420.903166,"trip_size":85
}
