{
"name":"trip480","trip_cost":10008407.455196,"trip_weight":1006.498902,"trip_length":26577.503702,"trip_size":66
}
