{
"name":"trip1386","trip_cost":2680311.997194,"trip_weight":802.608232,"trip_length":9478.600694,"trip_size":38
}
