{
"name":"trip296","trip_cost":11945928.036790,"trip_weight":1009.684953,"trip_length":31533.990115,"trip_size":66
}
