{
"name":"trip887","trip_cost":6490047.284705,"trip_weight":1000.176874,"trip_length":16773.703600,"trip_size":53
}
