{
"name":"trip419","trip_cost":10579316.987154,"trip_weight":1007.670686,"trip_length":27848.982242,"trip_size":69
}
