{
"name":"trip734","trip_cost":7485379.435285,"trip_weight":911.766253,"trip_length":24513.652021,"trip_size":65
}
