{
"name":"trip1397","trip_cost":2450501.022041,"trip_weight":809.760587,"trip_length":7154.928139,"trip_size":40
}
