{
"name":"trip159","trip_cost":14452348.934360,"trip_weight":1009.356784,"trip_length":38263.895683,"trip_size":64
}
