{
"name":"trip1416","trip_cost":2007471.271452,"trip_weight":650.340521,"trip_length":7452.337527,"trip_size":44
}
