{
"name":"trip30","trip_cost":18268473.813532,"trip_weight":1005.732414,"trip_length":39918.041152,"trip_size":71
}
