{
"name":"trip137","trip_cost":14857348.938771,"trip_weight":1007.911652,"trip_length":37297.164229,"trip_size":81
}
