{
"name":"trip819","trip_cost":6912079.202807,"trip_weight":1005.778806,"trip_length":18501.315384,"trip_size":62
}
