{
"name":"trip226","trip_cost":13299040.971237,"trip_weight":1008.696514,"trip_length":38092.384952,"trip_size":81
}
