{
"name":"trip790","trip_cost":7176122.288827,"trip_weight":994.446606,"trip_length":18110.919700,"trip_size":67
}
