{
"name":"trip315","trip_cost":11716910.024485,"trip_weight":1008.212533,"trip_length":27403.509041,"trip_size":79
}
