{
"name":"trip837","trip_cost":6770369.030199,"trip_weight":1006.834512,"trip_length":17797.309114,"trip_size":70
}
