{
"name":"trip76","trip_cost":16772635.685839,"trip_weight":1009.343203,"trip_length":38009.019813,"trip_size":75
}
