{
"name":"trip274","trip_cost":12217645.639562,"trip_weight":1008.318286,"trip_length":27264.004261,"trip_size":64
}
