{
"name":"trip241","trip_cost":12886611.518938,"trip_weight":1005.409240,"trip_length":38660.993410,"trip_size":94
}
