{
"name":"trip94","trip_cost":16211388.080802,"trip_weight":1009.123808,"trip_length":39268.350350,"trip_size":87
}
