{
"name":"trip1028","trip_cost":5727458.777359,"trip_weight":993.385659,"trip_length":14366.452738,"trip_size":61
}
