{
"name":"trip1047","trip_cost":5655980.145379,"trip_weight":984.559186,"trip_length":15512.424167,"trip_size":61
}
