{
"name":"trip864","trip_cost":6591835.228726,"trip_weight":1008.901767,"trip_length":17317.540632,"trip_size":62
}
