{
"name":"trip206","trip_cost":13681490.565931,"trip_weight":1005.408091,"trip_length":38609.888432,"trip_size":86
}
