{
"name":"trip495","trip_cost":9843186.929948,"trip_weight":1009.644283,"trip_length":23752.231828,"trip_size":73
}
