{
"name":"trip925","trip_cost":6220165.063510,"trip_weight":974.474632,"trip_length":17476.654684,"trip_size":71
}
