{
"name":"trip484","trip_cost":9960822.543295,"trip_weight":1002.667235,"trip_length":27347.393126,"trip_size":63
}
