{
"name":"trip1146","trip_cost":5190349.722020,"trip_weight":996.751381,"trip_length":14533.126607,"trip_size":58
}
