{
"name":"trip723","trip_cost":7586037.454728,"trip_weight":1005.759072,"trip_length":18966.340836,"trip_size":72
}
