{
"name":"trip1100","trip_cost":5371089.927558,"trip_weight":1008.144797,"trip_length":14251.923875,"trip_size":69
}
