{
"name":"trip359","trip_cost":11198345.372379,"trip_weight":1005.212949,"trip_length":26388.334879,"trip_size":71
}
