{
"name":"trip915","trip_cost":6265849.105165,"trip_weight":1004.624927,"trip_length":17264.113526,"trip_size":69
}
