{
"name":"trip695","trip_cost":7750734.475628,"trip_weight":995.388553,"trip_length":18879.622717,"trip_size":68
}
