{
"name":"trip1150","trip_cost":5185764.780523,"trip_weight":1005.603508,"trip_length":15536.450414,"trip_size":55
}
