{
"name":"trip494","trip_cost":9881341.523112,"trip_weight":1008.163874,"trip_length":25739.499676,"trip_size":81
}
