{
"name":"trip373","trip_cost":11065926.824311,"trip_weight":1009.640025,"trip_length":26780.817350,"trip_size":63
}
