{
"name":"trip1018","trip_cost":5787400.230682,"trip_weight":1005.687051,"trip_length":15814.504052,"trip_size":67
}
