{
"name":"trip576","trip_cost":8802795.177547,"trip_weight":1009.758751,"trip_length":20531.055956,"trip_size":61
}
