{
"name":"trip1083","trip_cost":5452073.162421,"trip_weight":997.165432,"trip_length":14593.022222,"trip_size":64
}
