{
"name":"trip904","trip_cost":6364723.586039,"trip_weight":948.332631,"trip_length":20961.949950,"trip_size":47
}
