{
"name":"trip375","trip_cost":11054727.855086,"trip_weight":1009.977909,"trip_length":25275.185234,"trip_size":70
}
