{
"name":"trip62","trip_cost":17159667.149160,"trip_weight":1009.708787,"trip_length":38675.143101,"trip_size":94
}
