{
"name":"trip653","trip_cost":7995991.383315,"trip_weight":1005.285328,"trip_length":19841.788304,"trip_size":69
}
