{
"name":"trip1458","trip_cost":1169325.958893,"trip_weight":404.333481,"trip_length":6329.358852,"trip_size":24
}
