{
"name":"trip618","trip_cost":8354977.292292,"trip_weight":1001.252550,"trip_length":19098.647585,"trip_size":69
}
