{
"name":"trip552","trip_cost":9067325.243872,"trip_weight":1009.803170,"trip_length":23776.058680,"trip_size":81
}
