{
"name":"trip396","trip_cost":10852482.951819,"trip_weight":1001.707661,"trip_length":37599.608882,"trip_size":84
}
