{
"name":"trip208","trip_cost":13663917.309053,"trip_weight":1008.498102,"trip_length":37588.522622,"trip_size":88
}
