{
"name":"trip913","trip_cost":6301491.777964,"trip_weight":969.028215,"trip_length":20990.900835,"trip_size":48
}
