{
"name":"trip523","trip_cost":9497774.738280,"trip_weight":995.975388,"trip_length":26475.261441,"trip_size":69
}
