{
"name":"trip244","trip_cost":12868731.706104,"trip_weight":1009.906310,"trip_length":37729.571515,"trip_size":68
}
