{
"name":"trip312","trip_cost":11723338.219976,"trip_weight":1009.832215,"trip_length":37182.169876,"trip_size":95
}
