{
"name":"trip263","trip_cost":12372236.414825,"trip_weight":1009.125929,"trip_length":37451.778103,"trip_size":82
}
