{
"name":"trip1142","trip_cost":5203296.017675,"trip_weight":1003.162465,"trip_length":12896.220674,"trip_size":58
}
