{
"name":"trip719","trip_cost":7605517.995297,"trip_weight":1002.620029,"trip_length":18492.310768,"trip_size":59
}
