{
"name":"trip917","trip_cost":6263621.791159,"trip_weight":998.384266,"trip_length":15708.125120,"trip_size":61
}
