{
"name":"trip220","trip_cost":13459801.079832,"trip_weight":1009.341579,"trip_length":37274.737447,"trip_size":86
}
