{
"name":"trip858","trip_cost":6631626.778912,"trip_weight":992.058550,"trip_length":18978.597314,"trip_size":67
}
