{
"name":"trip666","trip_cost":7929634.383523,"trip_weight":1009.290689,"trip_length":22695.645179,"trip_size":77
}
