{
"name":"trip234","trip_cost":13095255.557072,"trip_weight":998.443098,"trip_length":39449.848796,"trip_size":75
}
