{
"name":"trip535","trip_cost":9366910.766553,"trip_weight":1009.789147,"trip_length":23900.352191,"trip_size":83
}
