{
"name":"trip161","trip_cost":14394311.490929,"trip_weight":1007.556426,"trip_length":39592.251543,"trip_size":67
}
