{
"name":"trip1120","trip_cost":5285875.489472,"trip_weight":1005.710428,"trip_length":13730.332817,"trip_size":69
}
