{
"name":"trip1359","trip_cost":3280369.552681,"trip_weight":815.258461,"trip_length":12433.872334,"trip_size":47
}
