{
"name":"trip1012","trip_cost":5817685.258884,"trip_weight":997.743206,"trip_length":17569.576034,"trip_size":63
}
