{
"name":"trip1466","trip_cost":1084579.130077,"trip_weight":573.371289,"trip_length":4975.446594,"trip_size":38
}
