{
"name":"trip634","trip_cost":8099994.738935,"trip_weight":1008.981995,"trip_length":20544.863880,"trip_size":60
}
