{
"name":"trip797","trip_cost":7143516.196578,"trip_weight":1004.107603,"trip_length":18038.826308,"trip_size":70
}
