{
"name":"trip705","trip_cost":7706429.275030,"trip_weight":994.226379,"trip_length":18689.276469,"trip_size":63
}
