{
"name":"trip644","trip_cost":8047706.212241,"trip_weight":1003.339004,"trip_length":25470.552638,"trip_size":66
}
