{
"name":"trip730","trip_cost":7495165.520976,"trip_weight":941.328509,"trip_length":21993.346930,"trip_size":60
}
