{
"name":"trip20","trip_cost":18710476.877394,"trip_weight":1008.512087,"trip_length":39867.981031,"trip_size":63
}
