{
"name":"trip637","trip_cost":8077661.997215,"trip_weight":1009.769568,"trip_length":22217.748219,"trip_size":74
}
