{
"name":"trip449","trip_cost":10263964.981848,"trip_weight":1005.623730,"trip_length":26935.206054,"trip_size":61
}
