{
"name":"trip559","trip_cost":9050591.612338,"trip_weight":993.740271,"trip_length":23590.164195,"trip_size":78
}
