{
"name":"trip463","trip_cost":10125119.829398,"trip_weight":1005.937517,"trip_length":27058.027849,"trip_size":65
}
