{
"name":"trip1448","trip_cost":1352960.071148,"trip_weight":444.084959,"trip_length":6919.820939,"trip_size":33
}
