{
"name":"trip344","trip_cost":11363582.251224,"trip_weight":1007.110538,"trip_length":38704.407228,"trip_size":87
}
