{
"name":"trip1267","trip_cost":4433794.395753,"trip_weight":982.955806,"trip_length":13001.178591,"trip_size":65
}
