{
"name":"trip685","trip_cost":7815621.718015,"trip_weight":1007.503351,"trip_length":26812.964057,"trip_size":78
}
