{
"name":"trip1308","trip_cost":4003428.222437,"trip_weight":884.348869,"trip_length":11538.105034,"trip_size":60
}
