{
"name":"trip1261","trip_cost":4475118.426080,"trip_weight":927.930571,"trip_length":13453.240980,"trip_size":60
}
