{
"name":"trip799","trip_cost":7139686.080996,"trip_weight":1008.766279,"trip_length":19392.885227,"trip_size":68
}
