{
"name":"trip295","trip_cost":11958770.499861,"trip_weight":1003.577237,"trip_length":37534.605972,"trip_size":76
}
