{
"name":"trip990","trip_cost":5886203.590127,"trip_weight":1000.826085,"trip_length":16714.990244,"trip_size":67
}
