{
"name":"trip19","trip_cost":18723878.975879,"trip_weight":1009.171296,"trip_length":39579.287082,"trip_size":71
}
