{
"name":"trip379","trip_cost":11023356.095679,"trip_weight":1009.422079,"trip_length":25551.471758,"trip_size":72
}
