{
"name":"trip1242","trip_cost":4584302.716653,"trip_weight":914.526858,"trip_length":22309.013223,"trip_size":74
}
