{
"name":"trip1235","trip_cost":4634774.247450,"trip_weight":992.701977,"trip_length":13158.319261,"trip_size":64
}
