{
"name":"trip147","trip_cost":14670936.238664,"trip_weight":1009.958661,"trip_length":36440.224196,"trip_size":73
}
