{
"name":"trip416","trip_cost":10612814.407673,"trip_weight":1009.756235,"trip_length":25878.687285,"trip_size":81
}
