{
"name":"trip1262","trip_cost":4464519.025700,"trip_weight":1002.844201,"trip_length":13055.905962,"trip_size":76
}
