{
"name":"trip635","trip_cost":8090336.698693,"trip_weight":1006.582775,"trip_length":20837.964550,"trip_size":69
}
