{
"name":"trip401","trip_cost":10795169.581062,"trip_weight":1000.654245,"trip_length":28245.551062,"trip_size":72
}
