{
"name":"trip692","trip_cost":7768442.088821,"trip_weight":1009.977095,"trip_length":19211.697949,"trip_size":54
}
