{
"name":"trip360","trip_cost":11194659.226629,"trip_weight":1008.848120,"trip_length":28568.407208,"trip_size":71
}
