{
"name":"trip1356","trip_cost":3332582.713694,"trip_weight":940.855532,"trip_length":10491.668574,"trip_size":45
}
