{
"name":"trip884","trip_cost":6509528.152909,"trip_weight":1005.453564,"trip_length":17593.358814,"trip_size":53
}
