{
"name":"trip1310","trip_cost":3974313.039280,"trip_weight":887.651576,"trip_length":12690.531207,"trip_size":55
}
