{
"name":"trip162","trip_cost":14381222.934829,"trip_weight":1007.553799,"trip_length":37855.226925,"trip_size":74
}
