{
"name":"trip1196","trip_cost":4904509.383787,"trip_weight":1004.357629,"trip_length":13274.042117,"trip_size":57
}
