{
"name":"trip249","trip_cost":12723820.459955,"trip_weight":1007.257073,"trip_length":28742.797548,"trip_size":68
}
