{
"name":"trip1306","trip_cost":4020191.445662,"trip_weight":917.205387,"trip_length":13106.210435,"trip_size":51
}
