{
"name":"trip133","trip_cost":14948714.894649,"trip_weight":1009.512532,"trip_length":38393.457565,"trip_size":88
}
