{
"name":"trip590","trip_cost":8683710.650137,"trip_weight":958.322393,"trip_length":24565.562842,"trip_size":69
}
