{
"name":"trip1093","trip_cost":5400238.440335,"trip_weight":1009.944874,"trip_length":14446.065787,"trip_size":79
}
