{
"name":"trip1021","trip_cost":5765084.457412,"trip_weight":998.686455,"trip_length":16364.332109,"trip_size":51
}
