{
"name":"trip762","trip_cost":7308331.856702,"trip_weight":1002.841540,"trip_length":23848.463662,"trip_size":69
}
