{
"name":"trip1099","trip_cost":5373648.764327,"trip_weight":1006.592355,"trip_length":14642.418286,"trip_size":67
}
