{
"name":"trip681","trip_cost":7859164.831811,"trip_weight":1007.098474,"trip_length":18271.082330,"trip_size":64
}
