{
"name":"trip465","trip_cost":10112237.528431,"trip_weight":1009.393812,"trip_length":25082.000753,"trip_size":85
}
