{
"name":"trip1301","trip_cost":4099299.039958,"trip_weight":940.429380,"trip_length":13572.697252,"trip_size":74
}
