{
"name":"trip93","trip_cost":16225234.889588,"trip_weight":1006.068743,"trip_length":38454.481543,"trip_size":73
}
