{
"name":"trip1159","trip_cost":5151163.058628,"trip_weight":972.445702,"trip_length":13488.434193,"trip_size":64
}
