{
"name":"trip14","trip_cost":18925530.599773,"trip_weight":1008.982840,"trip_length":39912.054421,"trip_size":77
}
