{
"name":"trip1333","trip_cost":3664463.250944,"trip_weight":923.933156,"trip_length":11304.297985,"trip_size":73
}
