{
"name":"trip582","trip_cost":8739518.735782,"trip_weight":1006.906303,"trip_length":26010.710185,"trip_size":78
}
