{
"name":"trip939","trip_cost":6157996.596069,"trip_weight":1009.563973,"trip_length":15776.252767,"trip_size":61
}
