{
"name":"trip1415","trip_cost":2032014.025289,"trip_weight":647.884360,"trip_length":7746.603615,"trip_size":41
}
