{
"name":"trip166","trip_cost":14290731.228651,"trip_weight":1009.252009,"trip_length":39210.481614,"trip_size":86
}
