{
"name":"trip1181","trip_cost":5016459.330875,"trip_weight":938.326603,"trip_length":14154.691191,"trip_size":67
}
