{
"name":"trip109","trip_cost":15674218.279567,"trip_weight":1009.493120,"trip_length":37567.039177,"trip_size":78
}
