{
"name":"trip1128","trip_cost":5250590.159887,"trip_weight":737.933432,"trip_length":17065.186730,"trip_size":69
}
