{
"name":"trip342","trip_cost":11375846.529833,"trip_weight":1008.913110,"trip_length":28117.609239,"trip_size":72
}
