{
"name":"trip560","trip_cost":9048696.300179,"trip_weight":1009.736796,"trip_length":22565.534103,"trip_size":78
}
