{
"name":"trip417","trip_cost":10610415.384000,"trip_weight":1005.373784,"trip_length":27567.573874,"trip_size":57
}
