{
"name":"trip1216","trip_cost":4766849.300466,"trip_weight":885.027665,"trip_length":14032.890795,"trip_size":65
}
