{
"name":"trip673","trip_cost":7909897.987045,"trip_weight":1008.060566,"trip_length":21949.348463,"trip_size":81
}
