{
"name":"trip1088","trip_cost":5417389.341243,"trip_weight":1003.756907,"trip_length":14254.164117,"trip_size":62
}
