{
"name":"trip357","trip_cost":11214829.871962,"trip_weight":1008.425735,"trip_length":26394.407826,"trip_size":72
}
