{
"name":"trip863","trip_cost":6592622.615119,"trip_weight":991.349744,"trip_length":19917.892767,"trip_size":72
}
