{
"name":"trip1157","trip_cost":5157545.148488,"trip_weight":998.489611,"trip_length":13988.452627,"trip_size":66
}
