{
"name":"trip985","trip_cost":5906768.428558,"trip_weight":1005.048801,"trip_length":16844.294711,"trip_size":57
}
