{
"name":"trip589","trip_cost":8691270.391059,"trip_weight":1009.069834,"trip_length":26552.756804,"trip_size":79
}
