{
"name":"trip1166","trip_cost":5121863.796262,"trip_weight":983.344347,"trip_length":13723.132247,"trip_size":74
}
