{
"name":"trip491","trip_cost":9883615.556410,"trip_weight":1006.322602,"trip_length":25222.669329,"trip_size":67
}
