{
"name":"trip127","trip_cost":15133711.307117,"trip_weight":1009.885527,"trip_length":39179.073524,"trip_size":77
}
