{
"name":"trip1014","trip_cost":5802455.419218,"trip_weight":1001.557387,"trip_length":14748.914516,"trip_size":61
}
