{
"name":"trip1463","trip_cost":1134172.507901,"trip_weight":394.277036,"trip_length":6329.499676,"trip_size":26
}
