{
"name":"trip1361","trip_cost":3259141.571872,"trip_weight":797.526654,"trip_length":11252.713583,"trip_size":58
}
