{
"name":"trip1424","trip_cost":1844302.038575,"trip_weight":592.688502,"trip_length":7663.509241,"trip_size":42
}
