{
"name":"trip536","trip_cost":9359232.048512,"trip_weight":1003.094504,"trip_length":23693.962198,"trip_size":72
}
