{
"name":"trip1197","trip_cost":4902336.738385,"trip_weight":973.726868,"trip_length":14268.615269,"trip_size":68
}
