{
"name":"trip881","trip_cost":6514253.870954,"trip_weight":999.368325,"trip_length":18779.334273,"trip_size":60
}
