{
"name":"trip479","trip_cost":10008565.542199,"trip_weight":1009.065477,"trip_length":27158.999587,"trip_size":61
}
