{
"name":"trip743","trip_cost":7443885.944005,"trip_weight":989.308486,"trip_length":20580.461804,"trip_size":80
}
