{
"name":"trip1143","trip_cost":5202526.803902,"trip_weight":857.173635,"trip_length":22666.981659,"trip_size":68
}
