{
"name":"trip1058","trip_cost":5615212.011590,"trip_weight":1007.598065,"trip_length":14588.309361,"trip_size":61
}
