{
"name":"trip1057","trip_cost":5624619.309030,"trip_weight":988.468744,"trip_length":16564.859906,"trip_size":45
}
