{
"name":"trip1","trip_cost":19823484.992306,"trip_weight":1009.086947,"trip_length":40064.207831,"trip_size":66
}
