{
"name":"trip1158","trip_cost":5152398.920865,"trip_weight":996.118366,"trip_length":14140.959124,"trip_size":71
}
