{
"name":"trip621","trip_cost":8320680.155749,"trip_weight":970.456759,"trip_length":26737.835664,"trip_size":63
}
