{
"name":"trip798","trip_cost":7142192.470522,"trip_weight":1001.625599,"trip_length":19588.034020,"trip_size":65
}
