{
"name":"trip1112","trip_cost":5322396.828590,"trip_weight":1009.611514,"trip_length":16046.037596,"trip_size":71
}
