{
"name":"trip1299","trip_cost":4133769.101040,"trip_weight":866.007190,"trip_length":17381.234069,"trip_size":65
}
