{
"name":"trip1462","trip_cost":1140937.176017,"trip_weight":372.993243,"trip_length":6711.325428,"trip_size":31
}
