{
"name":"trip1071","trip_cost":5520122.161788,"trip_weight":995.852456,"trip_length":15111.071371,"trip_size":64
}
