{
"name":"trip308","trip_cost":11781414.973297,"trip_weight":1009.659500,"trip_length":27321.537216,"trip_size":82
}
