{
"name":"trip131","trip_cost":15029934.826364,"trip_weight":1009.557683,"trip_length":38750.128138,"trip_size":87
}
