{
"name":"trip1480","trip_cost":821100.015915,"trip_weight":285.743748,"trip_length":6808.982255,"trip_size":42
}
