{
"name":"trip1129","trip_cost":5249527.470007,"trip_weight":934.780837,"trip_length":23896.698923,"trip_size":76
}
