{
"name":"trip1295","trip_cost":4221799.415210,"trip_weight":951.759557,"trip_length":12872.248677,"trip_size":52
}
