{
"name":"trip75","trip_cost":16773982.941517,"trip_weight":1009.803379,"trip_length":39418.411426,"trip_size":74
}
