{
"name":"trip314","trip_cost":11717737.747049,"trip_weight":1004.903593,"trip_length":28742.055217,"trip_size":70
}
