{
"name":"trip553","trip_cost":9065730.769992,"trip_weight":1008.370555,"trip_length":24345.670474,"trip_size":59
}
