{
"name":"trip453","trip_cost":10234302.061063,"trip_weight":1009.261122,"trip_length":24984.533728,"trip_size":79
}
