{
"name":"trip1441","trip_cost":1449481.744610,"trip_weight":492.398401,"trip_length":7087.907560,"trip_size":40
}
