{
"name":"trip472","trip_cost":10071017.888383,"trip_weight":1006.424115,"trip_length":24304.711246,"trip_size":55
}
