{
"name":"trip5","trip_cost":19502240.797875,"trip_weight":1009.461202,"trip_length":40097.451704,"trip_size":66
}
