{
"name":"trip955","trip_cost":6060400.751461,"trip_weight":923.469724,"trip_length":22786.286627,"trip_size":65
}
