{
"name":"trip862","trip_cost":6595978.685718,"trip_weight":1008.909941,"trip_length":17211.334246,"trip_size":67
}
