{
"name":"trip492","trip_cost":9881938.896444,"trip_weight":1009.397916,"trip_length":27198.641085,"trip_size":84
}
