{
"name":"trip678","trip_cost":7879641.431970,"trip_weight":1007.540398,"trip_length":20797.254237,"trip_size":57
}
