{
"name":"trip1085","trip_cost":5429003.337057,"trip_weight":837.059448,"trip_length":15923.125365,"trip_size":58
}
