{
"name":"trip91","trip_cost":16230508.297682,"trip_weight":1009.679574,"trip_length":39582.716792,"trip_size":83
}
