{
"name":"trip1011","trip_cost":5817769.736614,"trip_weight":984.751324,"trip_length":15827.661914,"trip_size":71
}
