{
"name":"trip1427","trip_cost":1721815.296540,"trip_weight":540.715887,"trip_length":7730.217254,"trip_size":37
}
