{
"name":"trip364","trip_cost":11170429.192161,"trip_weight":1005.809413,"trip_length":25728.854935,"trip_size":76
}
