{
"name":"trip152","trip_cost":14598784.750892,"trip_weight":1009.964738,"trip_length":38277.558205,"trip_size":88
}
