{
"name":"trip45","trip_cost":17804991.705161,"trip_weight":1009.247158,"trip_length":40054.896554,"trip_size":71
}
