{
"name":"trip994","trip_cost":5870853.007685,"trip_weight":989.145742,"trip_length":16111.036672,"trip_size":72
}
