{
"name":"trip111","trip_cost":15595885.299908,"trip_weight":1009.482026,"trip_length":39176.026764,"trip_size":79
}
