{
"name":"trip708","trip_cost":7675295.120588,"trip_weight":1001.343717,"trip_length":26072.577488,"trip_size":81
}
