{
"name":"trip878","trip_cost":6532073.677147,"trip_weight":1001.929746,"trip_length":19196.712900,"trip_size":72
}
