{
"name":"trip1201","trip_cost":4873480.001909,"trip_weight":984.108089,"trip_length":13991.871598,"trip_size":54
}
