{
"name":"trip422","trip_cost":10528613.292628,"trip_weight":1008.236171,"trip_length":25723.149925,"trip_size":58
}
