{
"name":"trip264","trip_cost":12364855.210660,"trip_weight":1007.506502,"trip_length":30834.739461,"trip_size":83
}
