{
"name":"trip1160","trip_cost":5150005.335941,"trip_weight":844.854254,"trip_length":15405.693014,"trip_size":58
}
