{
"name":"trip21","trip_cost":18690837.928125,"trip_weight":1009.814272,"trip_length":40037.884668,"trip_size":65
}
