{
"name":"trip1034","trip_cost":5704397.615248,"trip_weight":996.367040,"trip_length":15701.999130,"trip_size":59
}
