{
"name":"trip541","trip_cost":9261301.422222,"trip_weight":990.681725,"trip_length":27706.750624,"trip_size":66
}
