{
"name":"trip672","trip_cost":7910821.485102,"trip_weight":1007.700052,"trip_length":18670.132935,"trip_size":67
}
