{
"name":"trip578","trip_cost":8779158.630629,"trip_weight":1000.466100,"trip_length":23476.298138,"trip_size":58
}
