{
"name":"trip806","trip_cost":7045686.653470,"trip_weight":1001.029283,"trip_length":17283.771456,"trip_size":68
}
