{
"name":"trip617","trip_cost":8367127.728154,"trip_weight":998.131842,"trip_length":20444.178064,"trip_size":65
}
