{
"name":"trip99","trip_cost":15937922.081159,"trip_weight":1006.243266,"trip_length":38769.883196,"trip_size":80
}
