{
"name":"trip826","trip_cost":6883995.278173,"trip_weight":1009.786692,"trip_length":21906.538065,"trip_size":71
}
