{
"name":"trip353","trip_cost":11277637.879380,"trip_weight":1006.873799,"trip_length":29970.368336,"trip_size":79
}
