{
"name":"trip1249","trip_cost":4541394.111178,"trip_weight":985.482368,"trip_length":13461.262797,"trip_size":67
}
