{
"name":"trip833","trip_cost":6795679.071449,"trip_weight":1002.954526,"trip_length":18746.243004,"trip_size":59
}
