{
"name":"trip880","trip_cost":6524482.115810,"trip_weight":994.465119,"trip_length":18653.953423,"trip_size":72
}
