{
"name":"trip1215","trip_cost":4769253.962536,"trip_weight":1006.022866,"trip_length":13580.465122,"trip_size":51
}
