{
"name":"trip872","trip_cost":6554474.229755,"trip_weight":1009.860846,"trip_length":16254.768561,"trip_size":73
}
