{
"name":"trip157","trip_cost":14484273.709441,"trip_weight":1009.989470,"trip_length":36926.312576,"trip_size":76
}
