{
"name":"trip107","trip_cost":15761939.004299,"trip_weight":1008.026885,"trip_length":39820.847735,"trip_size":74
}
