{
"name":"trip514","trip_cost":9550390.960099,"trip_weight":828.143073,"trip_length":38426.307166,"trip_size":62
}
