{
"name":"trip92","trip_cost":16230458.258333,"trip_weight":1009.521613,"trip_length":38603.226282,"trip_size":81
}
