{
"name":"trip983","trip_cost":5913878.782995,"trip_weight":1009.282796,"trip_length":17335.950137,"trip_size":56
}
