{
"name":"trip1470","trip_cost":1060097.924020,"trip_weight":363.840873,"trip_length":7294.863194,"trip_size":33
}
