{
"name":"trip483","trip_cost":9985290.284884,"trip_weight":999.654492,"trip_length":24312.343258,"trip_size":70
}
