{
"name":"trip1396","trip_cost":2470811.874308,"trip_weight":658.995873,"trip_length":10241.725706,"trip_size":42
}
