{
"name":"trip812","trip_cost":6982994.613291,"trip_weight":1009.897287,"trip_length":20786.127789,"trip_size":91
}
