{
"name":"trip1051","trip_cost":5650594.440534,"trip_weight":846.379975,"trip_length":22734.479193,"trip_size":64
}
