{
"name":"trip1320","trip_cost":3876502.551031,"trip_weight":953.576229,"trip_length":11444.295661,"trip_size":56
}
