{
"name":"trip640","trip_cost":8075293.640437,"trip_weight":1001.871790,"trip_length":18835.896552,"trip_size":61
}
