{
"name":"trip947","trip_cost":6097991.957237,"trip_weight":995.359877,"trip_length":17142.893677,"trip_size":75
}
