{
"name":"trip31","trip_cost":18258516.390074,"trip_weight":1009.845200,"trip_length":39606.368374,"trip_size":73
}
