{
"name":"trip1460","trip_cost":1167719.431311,"trip_weight":617.399227,"trip_length":5163.305316,"trip_size":44
}
