{
"name":"trip231","trip_cost":13176919.153774,"trip_weight":1008.709979,"trip_length":36797.695639,"trip_size":92
}
