{
"name":"trip58","trip_cost":17210699.392244,"trip_weight":1009.238679,"trip_length":39800.609545,"trip_size":84
}
