{
"name":"trip1019","trip_cost":5782550.663438,"trip_weight":1009.893455,"trip_length":16741.286668,"trip_size":62
}
