{
"name":"trip3","trip_cost":19602123.404409,"trip_weight":1009.385979,"trip_length":40078.656857,"trip_size":64
}
