{
"name":"trip765","trip_cost":7303136.642361,"trip_weight":983.351414,"trip_length":21584.603352,"trip_size":52
}
