{
"name":"trip361","trip_cost":11188321.874771,"trip_weight":993.449178,"trip_length":39042.180740,"trip_size":70
}
