{
"name":"trip400","trip_cost":10818828.462408,"trip_weight":997.103826,"trip_length":28005.922771,"trip_size":70
}
