{
"name":"trip898","trip_cost":6426892.289008,"trip_weight":1002.567518,"trip_length":16213.138091,"trip_size":59
}
