{
"name":"trip56","trip_cost":17303406.556178,"trip_weight":1009.559949,"trip_length":39754.014275,"trip_size":83
}
