{
"name":"trip768","trip_cost":7285708.926893,"trip_weight":1001.470322,"trip_length":24838.675239,"trip_size":76
}
