{
"name":"trip97","trip_cost":16039012.939834,"trip_weight":1009.369724,"trip_length":39230.634400,"trip_size":73
}
