{
"name":"trip756","trip_cost":7372775.452262,"trip_weight":1005.959307,"trip_length":20022.823144,"trip_size":76
}
