{
"name":"trip179","trip_cost":14073361.680180,"trip_weight":1003.434603,"trip_length":38804.944586,"trip_size":77
}
