{
"name":"trip440","trip_cost":10347298.043649,"trip_weight":1003.955002,"trip_length":27139.682752,"trip_size":67
}
