{
"name":"trip510","trip_cost":9576435.600304,"trip_weight":1000.175452,"trip_length":24064.349059,"trip_size":55
}
