{
"name":"trip1380","trip_cost":2783747.143185,"trip_weight":690.541008,"trip_length":10941.727848,"trip_size":58
}
