{
"name":"trip1084","trip_cost":5432933.669547,"trip_weight":1005.647485,"trip_length":13863.568693,"trip_size":64
}
