{
"name":"trip430","trip_cost":10420131.803691,"trip_weight":1007.854557,"trip_length":38300.055320,"trip_size":95
}
