{
"name":"trip1432","trip_cost":1596046.262713,"trip_weight":427.372301,"trip_length":9545.345513,"trip_size":30
}
