{
"name":"trip1457","trip_cost":1199305.463187,"trip_weight":418.512459,"trip_length":6717.587972,"trip_size":30
}
