{
"name":"trip818","trip_cost":6915743.735377,"trip_weight":710.446936,"trip_length":30320.606243,"trip_size":59
}
