{
"name":"trip630","trip_cost":8150696.222095,"trip_weight":1008.274689,"trip_length":20397.685027,"trip_size":73
}
