{
"name":"trip42","trip_cost":17878000.792424,"trip_weight":1009.842607,"trip_length":40082.075396,"trip_size":69
}
