{
"name":"trip978","trip_cost":5927132.402835,"trip_weight":978.410764,"trip_length":15543.762484,"trip_size":63
}
