{
"name":"trip916","trip_cost":6265183.215648,"trip_weight":1009.128390,"trip_length":16918.816786,"trip_size":74
}
