{
"name":"trip975","trip_cost":5952973.702354,"trip_weight":997.639935,"trip_length":16075.599317,"trip_size":75
}
