{
"name":"trip731","trip_cost":7490820.908442,"trip_weight":1009.174474,"trip_length":19611.680767,"trip_size":61
}
