{
"name":"trip1423","trip_cost":1865330.741189,"trip_weight":580.892215,"trip_length":9416.821072,"trip_size":41
}
