{
"name":"trip306","trip_cost":11835284.932363,"trip_weight":1009.314046,"trip_length":35985.494505,"trip_size":76
}
