{
"name":"trip339","trip_cost":11400702.582437,"trip_weight":1009.053063,"trip_length":28495.483018,"trip_size":69
}
