{
"name":"trip1080","trip_cost":5461730.067061,"trip_weight":958.173355,"trip_length":15506.429858,"trip_size":68
}
