{
"name":"trip108","trip_cost":15757799.051977,"trip_weight":1005.566998,"trip_length":38721.864431,"trip_size":89
}
