{
"name":"trip918","trip_cost":6261290.220266,"trip_weight":954.635769,"trip_length":18417.634844,"trip_size":78
}
