{
"name":"trip1411","trip_cost":2125190.754795,"trip_weight":635.974591,"trip_length":7972.975968,"trip_size":39
}
