{
"name":"trip25","trip_cost":18578003.659966,"trip_weight":1009.916962,"trip_length":39723.487481,"trip_size":82
}
