{
"name":"trip23","trip_cost":18626635.424122,"trip_weight":1004.333162,"trip_length":40101.384741,"trip_size":89
}
