{
"name":"trip72","trip_cost":16856560.249639,"trip_weight":1005.339024,"trip_length":39020.948172,"trip_size":74
}
