{
"name":"trip835","trip_cost":6779710.203737,"trip_weight":1009.189162,"trip_length":20913.916564,"trip_size":70
}
