{
"name":"trip369","trip_cost":11094429.065331,"trip_weight":1002.398993,"trip_length":38493.738085,"trip_size":74
}
