{
"name":"trip1285","trip_cost":4327872.291463,"trip_weight":989.488782,"trip_length":13271.461318,"trip_size":60
}
