{
"name":"trip398","trip_cost":10833506.251294,"trip_weight":1002.153465,"trip_length":28344.496637,"trip_size":72
}
