{
"name":"trip850","trip_cost":6684450.953634,"trip_weight":1009.461835,"trip_length":18016.719234,"trip_size":67
}
