{
"name":"trip1438","trip_cost":1498821.766374,"trip_weight":440.005632,"trip_length":7679.745940,"trip_size":21
}
