{
"name":"trip1209","trip_cost":4804299.571870,"trip_weight":976.260466,"trip_length":13677.303580,"trip_size":63
}
