{
"name":"trip633","trip_cost":8101279.998273,"trip_weight":1004.888703,"trip_length":19987.615658,"trip_size":67
}
