{
"name":"trip71","trip_cost":16904385.996358,"trip_weight":1008.400553,"trip_length":39053.048262,"trip_size":86
}
