{
"name":"trip354","trip_cost":11260511.038623,"trip_weight":1004.724297,"trip_length":25670.733862,"trip_size":70
}
