{
"name":"trip1394","trip_cost":2503355.396135,"trip_weight":723.191361,"trip_length":10020.513714,"trip_size":35
}
