{
"name":"trip1152","trip_cost":5175988.482787,"trip_weight":1001.943189,"trip_length":15010.347593,"trip_size":61
}
