{
"name":"trip140","trip_cost":14811482.794407,"trip_weight":1009.742401,"trip_length":36205.953891,"trip_size":72
}
