{
"name":"trip613","trip_cost":8452151.184630,"trip_weight":1007.462331,"trip_length":24068.520621,"trip_size":77
}
