{
"name":"trip144","trip_cost":14704045.629044,"trip_weight":1003.691864,"trip_length":39316.269579,"trip_size":77
}
