{
"name":"trip1180","trip_cost":5016741.699359,"trip_weight":998.189015,"trip_length":13142.595223,"trip_size":69
}
