{
"name":"trip1218","trip_cost":4737453.178396,"trip_weight":1000.039888,"trip_length":13094.052654,"trip_size":60
}
