{
"name":"trip809","trip_cost":7008282.671620,"trip_weight":977.975828,"trip_length":18379.711202,"trip_size":72
}
