{
"name":"trip66","trip_cost":17102989.691616,"trip_weight":1009.133477,"trip_length":39759.379466,"trip_size":75
}
