{
"name":"trip645","trip_cost":8035997.226445,"trip_weight":1007.807260,"trip_length":21119.442642,"trip_size":74
}
