{
"name":"trip658","trip_cost":7968394.860272,"trip_weight":1001.894644,"trip_length":23987.582133,"trip_size":65
}
