{
"name":"trip728","trip_cost":7507411.052278,"trip_weight":1004.122431,"trip_length":19360.520692,"trip_size":57
}
