{
"name":"trip192","trip_cost":13970566.725393,"trip_weight":1009.799775,"trip_length":36876.097805,"trip_size":75
}
