{
"name":"trip44","trip_cost":17840313.382403,"trip_weight":1005.190790,"trip_length":40118.889218,"trip_size":72
}
