{
"name":"trip825","trip_cost":6887502.732959,"trip_weight":1005.626565,"trip_length":24993.832554,"trip_size":70
}
