{
"name":"trip1130","trip_cost":5240666.787519,"trip_weight":854.766634,"trip_length":17672.173017,"trip_size":56
}
