{
"name":"trip115","trip_cost":15506661.731870,"trip_weight":1009.952185,"trip_length":37461.951667,"trip_size":88
}
