{
"name":"trip457","trip_cost":10202676.357773,"trip_weight":1003.086657,"trip_length":25121.524050,"trip_size":61
}
