{
"name":"trip1304","trip_cost":4050073.299003,"trip_weight":940.981924,"trip_length":12279.427232,"trip_size":64
}
