{
"name":"trip1114","trip_cost":5312991.082767,"trip_weight":1003.294869,"trip_length":14106.943588,"trip_size":58
}
