{
"name":"trip1045","trip_cost":5661662.688593,"trip_weight":1007.730326,"trip_length":15351.101016,"trip_size":81
}
