{
"name":"trip1375","trip_cost":2846460.201028,"trip_weight":740.356417,"trip_length":10543.973752,"trip_size":46
}
