{
"name":"trip1322","trip_cost":3817170.686206,"trip_weight":908.810694,"trip_length":11385.239396,"trip_size":57
}
