{
"name":"trip297","trip_cost":11937682.996235,"trip_weight":1009.522485,"trip_length":37253.748482,"trip_size":77
}
