{
"name":"trip580","trip_cost":8764668.288577,"trip_weight":1008.789896,"trip_length":25866.590580,"trip_size":70
}
