{
"name":"trip1435","trip_cost":1518153.412280,"trip_weight":498.951842,"trip_length":6864.225614,"trip_size":31
}
