{
"name":"trip928","trip_cost":6209979.394706,"trip_weight":1002.198976,"trip_length":16972.569628,"trip_size":69
}
