{
"name":"trip1017","trip_cost":5793818.196691,"trip_weight":852.932029,"trip_length":16550.883719,"trip_size":63
}
