{
"name":"trip1055","trip_cost":5627796.320477,"trip_weight":1009.327014,"trip_length":13504.733235,"trip_size":58
}
