{
"name":"trip1061","trip_cost":5597673.973538,"trip_weight":1005.530030,"trip_length":15338.064316,"trip_size":64
}
