{
"name":"trip593","trip_cost":8630883.147698,"trip_weight":1004.404432,"trip_length":21381.623994,"trip_size":62
}
