{
"name":"trip1431","trip_cost":1689435.257613,"trip_weight":567.632957,"trip_length":7084.857490,"trip_size":30
}
