{
"name":"trip448","trip_cost":10264506.017959,"trip_weight":1008.731331,"trip_length":25225.193737,"trip_size":67
}
