{
"name":"trip385","trip_cost":10956913.897286,"trip_weight":1006.142618,"trip_length":36624.539080,"trip_size":81
}
