{
"name":"trip533","trip_cost":9379640.813570,"trip_weight":1008.362689,"trip_length":22929.623840,"trip_size":75
}
