{
"name":"trip40","trip_cost":17954519.072491,"trip_weight":1009.630893,"trip_length":39779.577076,"trip_size":76
}
