{
"name":"trip1250","trip_cost":4537599.216476,"trip_weight":972.999394,"trip_length":13122.162080,"trip_size":56
}
