{
"name":"trip245","trip_cost":12853101.095598,"trip_weight":1009.165954,"trip_length":37212.399670,"trip_size":77
}
