{
"name":"trip849","trip_cost":6685521.516766,"trip_weight":1009.485864,"trip_length":18003.265053,"trip_size":64
}
