{
"name":"trip1327","trip_cost":3745790.621760,"trip_weight":812.798800,"trip_length":11504.947598,"trip_size":61
}
