{
"name":"trip1370","trip_cost":3025656.534583,"trip_weight":764.806952,"trip_length":12021.774371,"trip_size":70
}
