{
"name":"trip1450","trip_cost":1308015.798219,"trip_weight":450.651287,"trip_length":6776.152789,"trip_size":32
}
