{
"name":"trip1066","trip_cost":5558645.019845,"trip_weight":994.068192,"trip_length":14225.573111,"trip_size":70
}
