{
"name":"trip581","trip_cost":8749944.444140,"trip_weight":1008.520451,"trip_length":23328.467530,"trip_size":77
}
