{
"name":"trip755","trip_cost":7373784.995649,"trip_weight":992.442476,"trip_length":25437.912369,"trip_size":73
}
