{
"name":"trip237","trip_cost":12927986.777808,"trip_weight":1006.931638,"trip_length":29922.687485,"trip_size":75
}
