{
"name":"trip1056","trip_cost":5626301.813445,"trip_weight":1001.467382,"trip_length":14684.127658,"trip_size":62
}
