{
"name":"trip997","trip_cost":5865653.271233,"trip_weight":998.492308,"trip_length":15500.252958,"trip_size":82
}
