{
"name":"trip1340","trip_cost":3558085.639268,"trip_weight":797.691805,"trip_length":11419.429173,"trip_size":52
}
