{
"name":"trip877","trip_cost":6537423.061201,"trip_weight":1004.052047,"trip_length":20651.982381,"trip_size":80
}
