{
"name":"trip822","trip_cost":6892995.523976,"trip_weight":889.793632,"trip_length":18885.433384,"trip_size":75
}
