{
"name":"trip813","trip_cost":6980922.595961,"trip_weight":1006.974372,"trip_length":18025.789768,"trip_size":66
}
