{
"name":"trip15","trip_cost":18924894.265614,"trip_weight":1009.933051,"trip_length":39356.197640,"trip_size":57
}
