{
"name":"trip525","trip_cost":9483991.817576,"trip_weight":1005.585166,"trip_length":27571.124798,"trip_size":91
}
