{
"name":"trip1171","trip_cost":5071914.785019,"trip_weight":862.746141,"trip_length":23077.088978,"trip_size":78
}
