{
"name":"trip290","trip_cost":12001155.976435,"trip_weight":1008.691741,"trip_length":29124.839234,"trip_size":77
}
