{
"name":"trip823","trip_cost":6892053.759237,"trip_weight":990.530163,"trip_length":24903.737499,"trip_size":71
}
