{
"name":"trip1075","trip_cost":5515234.194681,"trip_weight":1003.559635,"trip_length":14459.068474,"trip_size":63
}
