{
"name":"trip810","trip_cost":7005136.565408,"trip_weight":863.176020,"trip_length":18452.920997,"trip_size":52
}
