{
"name":"trip378","trip_cost":11047659.299784,"trip_weight":1008.399138,"trip_length":36854.525556,"trip_size":84
}
