{
"name":"trip218","trip_cost":13476049.078059,"trip_weight":1007.400674,"trip_length":36864.136952,"trip_size":76
}
