{
"name":"trip475","trip_cost":10040597.112108,"trip_weight":1006.217342,"trip_length":23527.465558,"trip_size":74
}
