{
"name":"trip540","trip_cost":9262859.097632,"trip_weight":1001.721682,"trip_length":26378.300334,"trip_size":72
}
