{
"name":"trip1317","trip_cost":3910172.343349,"trip_weight":915.113860,"trip_length":13077.953125,"trip_size":60
}
