{
"name":"trip60","trip_cost":17185760.403061,"trip_weight":1009.684329,"trip_length":39557.051005,"trip_size":83
}
