{
"name":"trip124","trip_cost":15260359.512206,"trip_weight":1009.607890,"trip_length":37985.694157,"trip_size":73
}
