{
"name":"trip972","trip_cost":5966146.297343,"trip_weight":980.677490,"trip_length":16366.069487,"trip_size":73
}
