{
"name":"trip407","trip_cost":10747563.743568,"trip_weight":1009.700202,"trip_length":26882.857842,"trip_size":76
}
