{
"name":"trip1293","trip_cost":4266713.164501,"trip_weight":921.746863,"trip_length":12609.907110,"trip_size":69
}
