{
"name":"trip1229","trip_cost":4679857.686946,"trip_weight":985.095539,"trip_length":13760.396775,"trip_size":61
}
