{
"name":"trip325","trip_cost":11626375.809468,"trip_weight":1009.820365,"trip_length":27253.163688,"trip_size":69
}
