{
"name":"trip1020","trip_cost":5782185.323643,"trip_weight":997.037078,"trip_length":16679.233163,"trip_size":66
}
