{
"name":"trip459","trip_cost":10189401.402580,"trip_weight":1006.419997,"trip_length":25339.299149,"trip_size":62
}
