{
"name":"trip1468","trip_cost":1076968.456593,"trip_weight":398.666259,"trip_length":6238.848585,"trip_size":34
}
