{
"name":"trip1082","trip_cost":5454449.788032,"trip_weight":1005.654367,"trip_length":13959.972211,"trip_size":68
}
