{
"name":"trip656","trip_cost":7979392.724504,"trip_weight":1009.793353,"trip_length":19684.098459,"trip_size":65
}
