{
"name":"trip276","trip_cost":12201704.933049,"trip_weight":1009.088395,"trip_length":27585.781748,"trip_size":65
}
