{
"name":"trip1054","trip_cost":5636013.756239,"trip_weight":1009.265678,"trip_length":17184.595061,"trip_size":66
}
