{
"name":"trip87","trip_cost":16416423.674314,"trip_weight":1009.101514,"trip_length":38700.495757,"trip_size":75
}
