{
"name":"trip1245","trip_cost":4573302.744601,"trip_weight":1005.054165,"trip_length":13837.716735,"trip_size":56
}
