{
"name":"trip839","trip_cost":6759636.135072,"trip_weight":1003.102306,"trip_length":17227.684252,"trip_size":51
}
