{
"name":"trip1489","trip_cost":684561.542477,"trip_weight":245.960201,"trip_length":5900.976692,"trip_size":29
}
