{
"name":"trip1039","trip_cost":5694785.646297,"trip_weight":1008.429008,"trip_length":14361.475836,"trip_size":65
}
