{
"name":"trip505","trip_cost":9740774.210373,"trip_weight":1009.418023,"trip_length":22931.802127,"trip_size":79
}
