{
"name":"trip1098","trip_cost":5379715.013965,"trip_weight":1009.953063,"trip_length":15387.056214,"trip_size":61
}
