{
"name":"trip516","trip_cost":9524667.620300,"trip_weight":1003.021580,"trip_length":24332.085817,"trip_size":59
}
