{
"name":"trip638","trip_cost":8077356.796896,"trip_weight":1006.677864,"trip_length":25530.492046,"trip_size":73
}
