{
"name":"trip597","trip_cost":8583763.018768,"trip_weight":997.745057,"trip_length":20567.463458,"trip_size":73
}
