{
"name":"trip565","trip_cost":8983916.620630,"trip_weight":997.920897,"trip_length":26680.095001,"trip_size":78
}
