{
"name":"trip474","trip_cost":10051255.728316,"trip_weight":1002.084028,"trip_length":26893.523866,"trip_size":66
}
