{
"name":"trip763","trip_cost":7307459.044131,"trip_weight":1005.431750,"trip_length":17825.946340,"trip_size":69
}
