{
"name":"trip182","trip_cost":14026681.704982,"trip_weight":1009.792927,"trip_length":39518.929919,"trip_size":84
}
