{
"name":"trip786","trip_cost":7179815.662123,"trip_weight":1006.014548,"trip_length":17997.930463,"trip_size":49
}
