{
"name":"trip376","trip_cost":11053197.464473,"trip_weight":1003.431970,"trip_length":28341.361015,"trip_size":67
}
