{
"name":"trip258","trip_cost":12551557.730343,"trip_weight":1009.560197,"trip_length":38185.570021,"trip_size":90
}
