{
"name":"trip686","trip_cost":7805290.812642,"trip_weight":1003.410255,"trip_length":20270.444766,"trip_size":69
}
