{
"name":"trip1161","trip_cost":5144137.404035,"trip_weight":1009.459437,"trip_length":14042.937245,"trip_size":53
}
