{
"name":"trip1170","trip_cost":5080063.594829,"trip_weight":996.660229,"trip_length":13266.756735,"trip_size":56
}
