{
"name":"trip405","trip_cost":10774358.303427,"trip_weight":1009.485868,"trip_length":35919.873120,"trip_size":75
}
