{
"name":"trip1449","trip_cost":1348958.271754,"trip_weight":482.920192,"trip_length":6459.055254,"trip_size":36
}
