{
"name":"trip1329","trip_cost":3733573.007831,"trip_weight":928.941532,"trip_length":11549.070004,"trip_size":66
}
