{
"name":"trip988","trip_cost":5893365.051215,"trip_weight":1005.825770,"trip_length":17090.942967,"trip_size":64
}
