{
"name":"trip6","trip_cost":19492506.442931,"trip_weight":1009.570137,"trip_length":39981.767361,"trip_size":70
}
