{
"name":"trip1222","trip_cost":4717003.627497,"trip_weight":1009.726311,"trip_length":13471.452021,"trip_size":70
}
