{
"name":"trip1185","trip_cost":4960926.373412,"trip_weight":875.939571,"trip_length":19676.897544,"trip_size":46
}
