{
"name":"trip542","trip_cost":9256385.494689,"trip_weight":1002.559739,"trip_length":22023.647383,"trip_size":64
}
