{
"name":"trip454","trip_cost":10233864.721682,"trip_weight":1003.755653,"trip_length":26947.907717,"trip_size":68
}
