{
"name":"trip1349","trip_cost":3447712.679324,"trip_weight":921.269079,"trip_length":11709.717247,"trip_size":68
}
