{
"name":"trip1115","trip_cost":5305102.105925,"trip_weight":1009.541604,"trip_length":14719.043185,"trip_size":51
}
