{
"name":"trip502","trip_cost":9770282.730667,"trip_weight":995.556181,"trip_length":25535.494264,"trip_size":69
}
