{
"name":"trip1037","trip_cost":5699791.109304,"trip_weight":996.171222,"trip_length":15796.074994,"trip_size":66
}
