{
"name":"trip471","trip_cost":10072084.194297,"trip_weight":1009.256423,"trip_length":27440.010137,"trip_size":69
}
