{
"name":"trip349","trip_cost":11294604.575816,"trip_weight":1007.760395,"trip_length":27209.449848,"trip_size":70
}
