{
"name":"trip476","trip_cost":10028611.161699,"trip_weight":1009.486871,"trip_length":27402.696790,"trip_size":62
}
