{
"name":"trip177","trip_cost":14097885.429780,"trip_weight":1008.543361,"trip_length":38394.402952,"trip_size":91
}
