{
"name":"trip770","trip_cost":7282655.307627,"trip_weight":989.794417,"trip_length":18389.154926,"trip_size":74
}
