{
"name":"trip340","trip_cost":11387840.248649,"trip_weight":1007.032126,"trip_length":26909.070223,"trip_size":82
}
