{
"name":"trip889","trip_cost":6486067.054934,"trip_weight":1008.635687,"trip_length":17819.689416,"trip_size":71
}
