{
"name":"trip888","trip_cost":6487844.353401,"trip_weight":1003.255047,"trip_length":16572.490961,"trip_size":61
}
