{
"name":"trip1395","trip_cost":2502618.661047,"trip_weight":753.199302,"trip_length":9254.151880,"trip_size":40
}
