{
"name":"trip262","trip_cost":12504935.549895,"trip_weight":1008.584472,"trip_length":28662.860838,"trip_size":65
}
