{
"name":"trip473","trip_cost":10058607.346616,"trip_weight":1002.842132,"trip_length":25107.924495,"trip_size":65
}
