{
"name":"trip561","trip_cost":9018843.089903,"trip_weight":1006.162706,"trip_length":24682.780941,"trip_size":82
}
