{
"name":"trip461","trip_cost":10166033.691107,"trip_weight":1009.932379,"trip_length":29280.983342,"trip_size":79
}
