{
"name":"trip1217","trip_cost":4741370.790183,"trip_weight":992.611244,"trip_length":12347.699354,"trip_size":53
}
