{
"name":"trip824","trip_cost":6890619.245667,"trip_weight":977.891027,"trip_length":21449.168313,"trip_size":51
}
