{
"name":"trip1106","trip_cost":5343448.708284,"trip_weight":1006.030506,"trip_length":14271.952733,"trip_size":70
}
