{
"name":"trip1031","trip_cost":5720398.749767,"trip_weight":966.087663,"trip_length":15774.050161,"trip_size":69
}
