{
"name":"trip1472","trip_cost":1055711.546555,"trip_weight":583.532354,"trip_length":4872.561076,"trip_size":41
}
