{
"name":"trip664","trip_cost":7951654.416681,"trip_weight":1008.173902,"trip_length":19533.721970,"trip_size":73
}
