{
"name":"trip612","trip_cost":8456283.805687,"trip_weight":1006.736696,"trip_length":20702.329530,"trip_size":60
}
