{
"name":"trip1414","trip_cost":2057759.208973,"trip_weight":618.695049,"trip_length":8047.181751,"trip_size":31
}
