{
"name":"trip655","trip_cost":7989338.446066,"trip_weight":1007.563887,"trip_length":18696.366263,"trip_size":61
}
