{
"name":"trip894","trip_cost":6444521.084857,"trip_weight":1005.813657,"trip_length":15895.029425,"trip_size":57
}
