{
"name":"trip718","trip_cost":7610126.358900,"trip_weight":984.347078,"trip_length":18129.462988,"trip_size":57
}
