{
"name":"trip628","trip_cost":8158878.614200,"trip_weight":1009.332737,"trip_length":22392.937293,"trip_size":61
}
