{
"name":"trip236","trip_cost":12952477.195072,"trip_weight":1003.315262,"trip_length":38734.632103,"trip_size":81
}
