{
"name":"trip1420","trip_cost":1920252.654518,"trip_weight":631.035909,"trip_length":7563.861681,"trip_size":36
}
