{
"name":"trip1136","trip_cost":5226173.021298,"trip_weight":1009.109088,"trip_length":16842.306411,"trip_size":64
}
