{
"name":"trip1113","trip_cost":5313401.638227,"trip_weight":1009.195654,"trip_length":14713.739508,"trip_size":65
}
