{
"name":"trip85","trip_cost":16536720.569492,"trip_weight":1009.277987,"trip_length":39323.645265,"trip_size":83
}
