{
"name":"trip725","trip_cost":7577930.502685,"trip_weight":991.817048,"trip_length":26732.760408,"trip_size":68
}
