{
"name":"trip1360","trip_cost":3260586.381522,"trip_weight":978.493004,"trip_length":9703.575039,"trip_size":40
}
