{
"name":"trip391","trip_cost":10934044.483103,"trip_weight":1009.808828,"trip_length":25361.644953,"trip_size":67
}
