{
"name":"trip607","trip_cost":8522847.421972,"trip_weight":995.922983,"trip_length":22358.549465,"trip_size":69
}
