{
"name":"trip1087","trip_cost":5419659.941489,"trip_weight":1009.956686,"trip_length":14430.827098,"trip_size":63
}
