{
"name":"trip1247","trip_cost":4557039.790837,"trip_weight":985.721449,"trip_length":12297.980794,"trip_size":63
}
