{
"name":"trip466","trip_cost":10109740.549285,"trip_weight":1000.239940,"trip_length":25519.958108,"trip_size":71
}
