{
"name":"trip750","trip_cost":7401386.011463,"trip_weight":1007.739248,"trip_length":19976.387302,"trip_size":82
}
