{
"name":"trip744","trip_cost":7430673.300904,"trip_weight":1007.343797,"trip_length":18631.539864,"trip_size":75
}
