{
"name":"trip1401","trip_cost":2387533.974089,"trip_weight":671.171872,"trip_length":9155.298246,"trip_size":31
}
