{
"name":"trip73","trip_cost":16831590.605307,"trip_weight":1009.853553,"trip_length":39612.441192,"trip_size":62
}
