{
"name":"trip1270","trip_cost":4415741.367543,"trip_weight":983.377888,"trip_length":12339.414774,"trip_size":57
}
