{
"name":"trip106","trip_cost":15780735.014621,"trip_weight":1009.789313,"trip_length":38772.014469,"trip_size":89
}
