{
"name":"trip906","trip_cost":6350649.760363,"trip_weight":1004.249682,"trip_length":16420.827265,"trip_size":60
}
