{
"name":"trip288","trip_cost":12012875.012734,"trip_weight":998.492858,"trip_length":27909.972315,"trip_size":62
}
