{
"name":"trip991","trip_cost":5883864.726680,"trip_weight":1004.923880,"trip_length":14857.978296,"trip_size":56
}
