{
"name":"trip817","trip_cost":6922405.449618,"trip_weight":996.056521,"trip_length":18392.069014,"trip_size":67
}
