{
"name":"trip1469","trip_cost":1061410.789273,"trip_weight":350.799068,"trip_length":7022.908489,"trip_size":16
}
