{
"name":"trip1305","trip_cost":4045902.070924,"trip_weight":948.570332,"trip_length":12832.621911,"trip_size":66
}
