{
"name":"trip1433","trip_cost":1582762.919091,"trip_weight":419.844204,"trip_length":10644.110294,"trip_size":50
}
