{
"name":"trip841","trip_cost":6751630.424074,"trip_weight":1007.062426,"trip_length":16476.378181,"trip_size":63
}
