{
"name":"trip698","trip_cost":7740966.835027,"trip_weight":1004.450956,"trip_length":18972.299078,"trip_size":72
}
