{
"name":"trip771","trip_cost":7278153.433021,"trip_weight":986.257580,"trip_length":23928.533463,"trip_size":66
}
