{
"name":"trip367","trip_cost":11130891.055940,"trip_weight":1007.675765,"trip_length":25069.692672,"trip_size":70
}
