{
"name":"trip727","trip_cost":7510912.371402,"trip_weight":1009.637593,"trip_length":19061.694973,"trip_size":72
}
