{
"name":"trip1188","trip_cost":4951297.789560,"trip_weight":988.007018,"trip_length":13284.345577,"trip_size":55
}
