{
"name":"trip1023","trip_cost":5747515.378106,"trip_weight":1005.303102,"trip_length":16798.974922,"trip_size":68
}
