{
"name":"trip1430","trip_cost":1712667.054951,"trip_weight":641.778622,"trip_length":6686.280259,"trip_size":33
}
