{
"name":"trip468","trip_cost":10081361.665543,"trip_weight":1009.294375,"trip_length":36786.127925,"trip_size":87
}
