{
"name":"trip773","trip_cost":7273821.935019,"trip_weight":931.408901,"trip_length":18199.274868,"trip_size":61
}
