{
"name":"trip682","trip_cost":7839873.309856,"trip_weight":1007.726768,"trip_length":19049.880337,"trip_size":64
}
