{
"name":"trip1351","trip_cost":3403571.420733,"trip_weight":762.758586,"trip_length":23017.135384,"trip_size":56
}
