{
"name":"trip10","trip_cost":19226726.092142,"trip_weight":1004.701454,"trip_length":40059.261378,"trip_size":71
}
