{
"name":"trip614","trip_cost":8421661.732543,"trip_weight":1006.696163,"trip_length":20954.715117,"trip_size":68
}
