{
"name":"trip1168","trip_cost":5100841.934240,"trip_weight":1008.716922,"trip_length":14508.416395,"trip_size":54
}
