{
"name":"trip1478","trip_cost":881235.671884,"trip_weight":320.844372,"trip_length":5994.740594,"trip_size":22
}
