{
"name":"trip853","trip_cost":6670962.088381,"trip_weight":1008.331749,"trip_length":16784.422940,"trip_size":68
}
