{
"name":"trip222","trip_cost":13384647.115204,"trip_weight":1009.601902,"trip_length":37119.152329,"trip_size":96
}
