{
"name":"trip1373","trip_cost":2972953.108923,"trip_weight":720.266281,"trip_length":12078.139384,"trip_size":63
}
