{
"name":"trip1452","trip_cost":1280990.086330,"trip_weight":397.933585,"trip_length":7988.950225,"trip_size":32
}
