{
"name":"trip999","trip_cost":5856159.469593,"trip_weight":999.488327,"trip_length":16260.843455,"trip_size":78
}
