{
"name":"trip751","trip_cost":7401021.500339,"trip_weight":991.713642,"trip_length":22184.006195,"trip_size":54
}
