{
"name":"trip210","trip_cost":13633258.304771,"trip_weight":1009.085596,"trip_length":38923.519319,"trip_size":80
}
