{
"name":"trip996","trip_cost":5867124.535595,"trip_weight":1004.176074,"trip_length":15989.726780,"trip_size":77
}
