{
"name":"trip1133","trip_cost":5237859.310482,"trip_weight":1001.918141,"trip_length":15975.963205,"trip_size":74
}
