{
"name":"trip37","trip_cost":18000805.816536,"trip_weight":1009.909256,"trip_length":39297.839419,"trip_size":71
}
