{
"name":"trip944","trip_cost":6135761.983310,"trip_weight":1006.859607,"trip_length":17387.802901,"trip_size":73
}
