{
"name":"trip1042","trip_cost":5672730.356745,"trip_weight":995.107749,"trip_length":14633.178466,"trip_size":58
}
