{
"name":"trip153","trip_cost":14592526.927617,"trip_weight":1009.552943,"trip_length":38431.150150,"trip_size":74
}
