{
"name":"trip51","trip_cost":17469772.251189,"trip_weight":1004.948293,"trip_length":39970.718235,"trip_size":88
}
