{
"name":"trip696","trip_cost":7750661.946017,"trip_weight":1003.147807,"trip_length":18876.567141,"trip_size":66
}
