{
"name":"trip1476","trip_cost":939331.726047,"trip_weight":531.474754,"trip_length":4905.907204,"trip_size":38
}
