{
"name":"trip193","trip_cost":13949115.040184,"trip_weight":1009.212799,"trip_length":36626.156916,"trip_size":79
}
