{
"name":"trip1353","trip_cost":3383721.643992,"trip_weight":888.778196,"trip_length":10448.000367,"trip_size":50
}
