{
"name":"trip546","trip_cost":9214031.348971,"trip_weight":1009.274265,"trip_length":22832.880573,"trip_size":65
}
