{
"name":"trip28","trip_cost":18381965.961829,"trip_weight":1009.121389,"trip_length":39630.757594,"trip_size":78
}
