{
"name":"trip526","trip_cost":9478142.705467,"trip_weight":1009.867052,"trip_length":24586.002245,"trip_size":83
}
