{
"name":"trip737","trip_cost":7469296.973431,"trip_weight":1000.194852,"trip_length":21593.522218,"trip_size":60
}
