{
"name":"trip626","trip_cost":8188981.924469,"trip_weight":1004.837267,"trip_length":18405.756220,"trip_size":48
}
