{
"name":"trip394","trip_cost":10905477.908681,"trip_weight":1007.091978,"trip_length":27038.470828,"trip_size":71
}
