{
"name":"trip1265","trip_cost":4460420.118692,"trip_weight":889.687915,"trip_length":13437.323254,"trip_size":46
}
