{
"name":"trip965","trip_cost":6005121.345142,"trip_weight":1005.497284,"trip_length":15344.203571,"trip_size":70
}
