{
"name":"trip908","trip_cost":6338275.132056,"trip_weight":981.084657,"trip_length":17011.904281,"trip_size":74
}
