{
"name":"trip1392","trip_cost":2520453.313648,"trip_weight":742.239542,"trip_length":7895.327338,"trip_size":39
}
