{
"name":"trip221","trip_cost":13439712.474499,"trip_weight":1007.465142,"trip_length":38366.356576,"trip_size":81
}
