{
"name":"trip1436","trip_cost":1507281.112453,"trip_weight":488.787383,"trip_length":7581.058247,"trip_size":47
}
