{
"name":"trip702","trip_cost":7726897.386565,"trip_weight":1005.516927,"trip_length":26001.619883,"trip_size":77
}
