{
"name":"trip1191","trip_cost":4937317.618594,"trip_weight":997.988526,"trip_length":13641.188377,"trip_size":73
}
