{
"name":"trip477","trip_cost":10024919.097129,"trip_weight":1009.544276,"trip_length":23721.443314,"trip_size":75
}
