{
"name":"trip90","trip_cost":16237636.461792,"trip_weight":1009.290079,"trip_length":39200.149371,"trip_size":82
}
