{
"name":"trip662","trip_cost":7956637.696030,"trip_weight":996.801918,"trip_length":25919.647470,"trip_size":69
}
