{
"name":"trip557","trip_cost":9055812.050098,"trip_weight":1005.213197,"trip_length":23424.081409,"trip_size":75
}
