{
"name":"trip901","trip_cost":6383028.848248,"trip_weight":1009.632204,"trip_length":15771.855545,"trip_size":68
}
