{
"name":"trip966","trip_cost":6004961.522110,"trip_weight":1005.794022,"trip_length":15399.152523,"trip_size":74
}
