{
"name":"trip1008","trip_cost":5820495.366707,"trip_weight":1002.970248,"trip_length":15715.495612,"trip_size":62
}
