{
"name":"trip327","trip_cost":11610721.347212,"trip_weight":1009.358411,"trip_length":36789.615290,"trip_size":92
}
