{
"name":"trip543","trip_cost":9252591.500257,"trip_weight":984.856149,"trip_length":26092.318580,"trip_size":71
}
