{
"name":"trip1253","trip_cost":4517850.892749,"trip_weight":944.915638,"trip_length":13034.706798,"trip_size":57
}
