{
"name":"trip350","trip_cost":11287217.309629,"trip_weight":1008.565399,"trip_length":27570.699470,"trip_size":73
}
