{
"name":"trip1210","trip_cost":4792034.593340,"trip_weight":1002.896860,"trip_length":13863.743352,"trip_size":66
}
