{
"name":"trip406","trip_cost":10755899.804655,"trip_weight":999.042128,"trip_length":27625.821311,"trip_size":72
}
