{
"name":"trip105","trip_cost":15795239.625180,"trip_weight":998.031644,"trip_length":39644.803175,"trip_size":71
}
