{
"name":"trip855","trip_cost":6656363.010190,"trip_weight":1009.740177,"trip_length":19357.347631,"trip_size":67
}
