{
"name":"trip148","trip_cost":14654457.275130,"trip_weight":1009.973403,"trip_length":38833.843549,"trip_size":82
}
