{
"name":"trip167","trip_cost":14289342.224014,"trip_weight":1008.781796,"trip_length":36775.244457,"trip_size":86
}
