{
"name":"trip1074","trip_cost":5515710.105507,"trip_weight":994.931515,"trip_length":14926.716448,"trip_size":65
}
