{
"name":"trip343","trip_cost":11370384.683819,"trip_weight":1009.586401,"trip_length":26854.479416,"trip_size":67
}
