{
"name":"trip272","trip_cost":12243971.778144,"trip_weight":1006.274147,"trip_length":36683.074804,"trip_size":85
}
