{
"name":"trip893","trip_cost":6462404.704733,"trip_weight":1000.942292,"trip_length":16846.625819,"trip_size":70
}
