{
"name":"trip527","trip_cost":9471531.643385,"trip_weight":1008.178508,"trip_length":22690.439982,"trip_size":77
}
