{
"name":"trip173","trip_cost":14208705.527544,"trip_weight":1000.841621,"trip_length":39406.599890,"trip_size":68
}
