{
"name":"trip370","trip_cost":11091874.127495,"trip_weight":1008.363589,"trip_length":31104.036223,"trip_size":71
}
