{
"name":"trip912","trip_cost":6305373.698628,"trip_weight":1000.608347,"trip_length":17645.443615,"trip_size":59
}
