{
"name":"trip924","trip_cost":6227853.424055,"trip_weight":1002.907526,"trip_length":16252.365639,"trip_size":74
}
