{
"name":"trip874","trip_cost":6548403.664155,"trip_weight":1008.188684,"trip_length":19409.483307,"trip_size":72
}
