{
"name":"trip838","trip_cost":6762285.917718,"trip_weight":1000.238741,"trip_length":18084.511489,"trip_size":63
}
