{
"name":"trip1111","trip_cost":5326874.319556,"trip_weight":962.730455,"trip_length":15330.187178,"trip_size":63
}
