{
"name":"trip1276","trip_cost":4389403.035208,"trip_weight":984.127230,"trip_length":13318.497210,"trip_size":71
}
