{
"name":"trip854","trip_cost":6659517.020303,"trip_weight":1004.410950,"trip_length":22030.430503,"trip_size":78
}
