{
"name":"trip242","trip_cost":12878391.141518,"trip_weight":993.981356,"trip_length":38804.842063,"trip_size":76
}
