{
"name":"trip703","trip_cost":7719835.704038,"trip_weight":997.432377,"trip_length":18700.591819,"trip_size":63
}
