{
"name":"trip1259","trip_cost":4496336.273111,"trip_weight":986.670675,"trip_length":12991.150526,"trip_size":71
}
