{
"name":"trip1378","trip_cost":2827145.079772,"trip_weight":770.226377,"trip_length":9718.688462,"trip_size":47
}
