{
"name":"trip1328","trip_cost":3734514.866956,"trip_weight":826.648993,"trip_length":14752.154612,"trip_size":71
}
