{
"name":"trip821","trip_cost":6900156.962710,"trip_weight":1005.635113,"trip_length":16862.072779,"trip_size":69
}
