{
"name":"trip423","trip_cost":10492347.594536,"trip_weight":1005.029788,"trip_length":27092.954653,"trip_size":69
}
