{
"name":"trip346","trip_cost":11344985.109809,"trip_weight":1009.625285,"trip_length":26528.093717,"trip_size":78
}
