{
"name":"trip1220","trip_cost":4729835.739145,"trip_weight":1003.502897,"trip_length":14312.506459,"trip_size":78
}
