{
"name":"trip1240","trip_cost":4600308.418742,"trip_weight":960.222777,"trip_length":14002.081007,"trip_size":68
}
