{
"name":"trip549","trip_cost":9129756.560878,"trip_weight":1005.289002,"trip_length":23768.250605,"trip_size":72
}
