{
"name":"trip846","trip_cost":6706135.532894,"trip_weight":1007.892759,"trip_length":17321.041278,"trip_size":56
}
