{
"name":"trip733","trip_cost":7487932.736934,"trip_weight":1005.951045,"trip_length":20332.408394,"trip_size":63
}
