{
"name":"trip683","trip_cost":7827260.961328,"trip_weight":1004.926577,"trip_length":18278.302482,"trip_size":65
}
