{
"name":"trip595","trip_cost":8590879.539534,"trip_weight":1003.985580,"trip_length":22756.402710,"trip_size":80
}
