{
"name":"trip499","trip_cost":9791789.930658,"trip_weight":1008.448619,"trip_length":26129.088500,"trip_size":61
}
