{
"name":"trip1477","trip_cost":929663.153732,"trip_weight":513.056177,"trip_length":5803.495172,"trip_size":45
}
