{
"name":"trip1206","trip_cost":4835789.797212,"trip_weight":1004.356595,"trip_length":13125.361076,"trip_size":63
}
